No.,服装,服装順.ID,攻撃力,守備力,DispName,Q_RZS.AttackVal,Q_RZS.ServeVal,Q_RZS.TossVal,Q_RZS.ReceiveVal,Q_RZS.BlockVal
392,"ユニフォーム","1",490,480,"佐久早聖臣ICO","105.5185525","103.3724488","98.87585042","104.4965983","100"
393,"サバゲ","14",498,486,"サバゲ佐久早聖臣ICO","107.35807","105.2995623","100","105.9954644","102.2482992"
394,"新年2","30",497,488,"新年2佐久早聖臣ICO","109.1975875","103.3724488","100","104.4965983","104.4965983"
395,"和装体験","46",503,492,"和装体験佐久早聖臣ICO","109.81076","105.7813407","100","108.2437636","103.9345235"
396,"ユニフォーム","1",469,478,"小森元也ICO","96.9341375","97.59110804","104.4965983","111.2414958","93.81717729"
397,"キャンプ","19",475,486,"キャンプ小森元也ICO","97.54731","98.55466482","107.8690471","115.7380942","94.94132688"
398,"ハロウィン","42",471,491,"ハロウィン小森元也ICO","96.320965","97.10932964","108.9931967","119.4852594","94.94132688"
