No.,服装,服装順.ID,攻撃力,守備力,DispName,Q_RZS.AttackVal,Q_RZS.ServeVal,Q_RZS.TossVal,Q_RZS.ReceiveVal,Q_RZS.BlockVal
385,"ユニフォーム","1",490,480,"佐久早聖臣ICO","105.6468909","103.6582495","98.87585042","104.4965983","100"
386,"サバゲ","14",498,486,"サバゲ佐久早聖臣ICO","107.5291879","105.4873742","100","105.9954644","102.2961353"
387,"新年2","30",497,488,"新年2佐久早聖臣ICO","109.4114849","103.6582495","100","104.4965983","104.5922706"
388,"和装体験","46",503,492,"和装体験佐久早聖臣ICO","110.0389172","105.9446554","100","108.2437636","104.0182368"
389,"ユニフォーム","1",469,478,"小森元也ICO","96.86283837","98.17087525","104.4965983","111.2414958","93.68562787"
390,"キャンプ","19",475,486,"キャンプ小森元也ICO","97.4902707","99.08543763","107.8690471","115.7380942","94.83369553"
391,"ハロウィン","42",471,491,"ハロウィン小森元也ICO","96.23540605","97.71359407","108.9931967","119.4852594","94.83369553"
