No.,服装,服装順.ID,攻撃力,守備力,DispName,Q_RZS.AttackVal,Q_RZS.ServeVal,Q_RZS.TossVal,Q_RZS.ReceiveVal,Q_RZS.BlockVal
348,"ユニフォーム","1",490,480,"佐久早聖臣ICO","106.131725","103.7213228","98.96232346","105.2460314","100"
349,"サバゲ","2",498,486,"サバゲ佐久早聖臣ICO","107.9712425","105.5819841","100","106.7448975","102.45269"
350,"新年2","2",497,488,"新年2佐久早聖臣ICO","109.81076","103.7213228","100","105.2460314","104.90538"
351,"ユニフォーム","1",469,478,"小森元也ICO","97.54731","98.13933862","104.1507062","111.9909289","93.2551025"
352,"キャンプ","2",475,486,"キャンプ小森元也ICO","98.1604825","99.06966931","107.2637358","116.4875272","94.4814475"
353,"ハロウィン","2",471,491,"ハロウィン小森元也ICO","96.9341375","97.67417328","108.3014123","120.2346925","94.4814475"
