No.,服装,服装順.ID,攻撃力,守備力,DispName,Q_RZS.AttackVal,Q_RZS.ServeVal,Q_RZS.TossVal,Q_RZS.ReceiveVal,Q_RZS.BlockVal
373,"ユニフォーム","1",490,480,"佐久早聖臣ICO","106.0704078","103.5972787","98.87585042","104.6250726","100"
374,"サバゲ","2",498,486,"サバゲ佐久早聖臣ICO","108.093877","105.395918","100","106.1667634","102.45269"
375,"新年2","2",497,488,"新年2佐久早聖臣ICO","110.1173463","103.5972787","100","104.6250726","104.90538"
376,"和装体験","2",503,492,"和装体験佐久早聖臣ICO","110.791836","105.8455778","100","108.4792997","104.2922075"
377,"ユニフォーム","1",469,478,"小森元也ICO","96.62755125","98.20136067","104.4965983","111.5626814","93.2551025"
378,"キャンプ","2",475,486,"キャンプ小森元也ICO","97.302041","99.10068033","107.8690471","116.187754","94.4814475"
379,"ハロウィン","2",471,491,"ハロウィン小森元也ICO","95.9530615","97.75170083","108.9931967","120.0419811","94.4814475"
