No.,服装,服装順.ID,攻撃力,守備力,DispName,Q_RZS.AttackVal,Q_RZS.ServeVal,Q_RZS.TossVal,Q_RZS.ReceiveVal,Q_RZS.BlockVal
378,"ユニフォーム","1",490,480,"佐久早聖臣ICO","106.0704078","103.7213228","98.87585042","104.4965983","100"
379,"サバゲ","2",498,486,"サバゲ佐久早聖臣ICO","108.093877","105.5819841","100","105.9954644","102.45269"
380,"新年2","2",497,488,"新年2佐久早聖臣ICO","110.1173463","103.7213228","100","104.4965983","104.90538"
381,"和装体験","2",503,492,"和装体験佐久早聖臣ICO","110.791836","106.0471495","100","108.2437636","104.2922075"
382,"ユニフォーム","1",469,478,"小森元也ICO","96.62755125","98.13933862","104.4965983","111.2414958","93.2551025"
383,"キャンプ","2",475,486,"キャンプ小森元也ICO","97.302041","99.06966931","107.8690471","115.7380942","94.4814475"
384,"ハロウィン","2",471,491,"ハロウィン小森元也ICO","95.9530615","97.67417328","108.9931967","119.4852594","94.4814475"
