No.,服装,服装順.ID,攻撃力,守備力,DispName,Q_RZS.AttackVal,Q_RZS.ServeVal,Q_RZS.TossVal,Q_RZS.ReceiveVal,Q_RZS.BlockVal
367,"ユニフォーム","1",490,480,"佐久早聖臣ICO","105.922349","103.5972787","98.87585042","104.4965983","100"
368,"サバゲ","2",498,486,"サバゲ佐久早聖臣ICO","107.8964654","105.395918","100","105.9954644","102.45269"
369,"新年2","2",497,488,"新年2佐久早聖臣ICO","109.8705817","103.5972787","100","104.4965983","104.90538"
370,"和装体験","2",503,492,"和装体験佐久早聖臣ICO","110.5286205","105.8455778","100","108.2437636","104.2922075"
371,"ユニフォーム","1",469,478,"小森元也ICO","96.7098061","98.20136067","104.4965983","111.2414958","93.2551025"
372,"キャンプ","2",475,486,"キャンプ小森元也ICO","97.36784488","99.10068033","107.8690471","115.7380942","94.4814475"
373,"ハロウィン","2",471,491,"ハロウィン小森元也ICO","96.05176732","97.75170083","108.9931967","119.4852594","94.4814475"
