No.,服装,服装順.ID,攻撃力,守備力,DispName,Q_RZS.AttackVal,Q_RZS.ServeVal,Q_RZS.TossVal,Q_RZS.ReceiveVal,Q_RZS.BlockVal
362,"ユニフォーム","1",490,480,"佐久早聖臣ICO","105.6468909","103.5972787","98.87585042","104.8713149","100"
363,"サバゲ","2",498,486,"サバゲ佐久早聖臣ICO","107.5291879","105.395918","100","106.370181","102.45269"
364,"新年2","2",497,488,"新年2佐久早聖臣ICO","109.4114849","103.5972787","100","104.8713149","104.90538"
365,"ユニフォーム","1",469,478,"小森元也ICO","96.86283837","98.20136067","104.4965983","111.6162124","93.2551025"
366,"キャンプ","2",475,486,"キャンプ小森元也ICO","97.4902707","99.10068033","107.8690471","116.1128107","94.4814475"
367,"ハロウィン","2",471,491,"ハロウィン小森元也ICO","96.23540605","97.75170083","108.9931967","119.859976","94.4814475"
