No.,服装,服装順.ID,攻撃力,守備力,DispName,Q_RZS.AttackVal,Q_RZS.ServeVal,Q_RZS.TossVal,Q_RZS.ReceiveVal,Q_RZS.BlockVal
359,"ユニフォーム","1",490,480,"佐久早聖臣ICO","105.5185525","103.5972787","98.87585042","105.2460314","100"
360,"サバゲ","2",498,486,"サバゲ佐久早聖臣ICO","107.35807","105.395918","100","106.7448975","102.45269"
361,"新年2","2",497,488,"新年2佐久早聖臣ICO","109.1975875","103.5972787","100","105.2460314","104.90538"
362,"ユニフォーム","1",469,478,"小森元也ICO","96.9341375","98.20136067","104.4965983","111.9909289","93.2551025"
363,"キャンプ","2",475,486,"キャンプ小森元也ICO","97.54731","99.10068033","107.8690471","116.4875272","94.4814475"
364,"ハロウィン","2",471,491,"ハロウィン小森元也ICO","96.320965","97.75170083","108.9931967","120.2346925","94.4814475"
