No.,服装,服装順.ID,攻撃力,守備力,DispName,Q_RZS.AttackVal,Q_RZS.ServeVal,Q_RZS.TossVal,Q_RZS.ReceiveVal,Q_RZS.BlockVal
398,"ユニフォーム","1",490,480,"佐久早聖臣ICO","105.5185525","103.2561574","98.87585042","104.4965983","100"
399,"サバゲ","14",498,486,"サバゲ佐久早聖臣ICO","107.35807","105.1168188","100","105.9954644","102.2482992"
400,"新年2","30",497,488,"新年2佐久早聖臣ICO","109.1975875","103.2561574","100","104.4965983","104.4965983"
401,"和装体験","46",503,492,"和装体験佐久早聖臣ICO","109.81076","105.5819841","100","108.2437636","103.9345235"
402,"ユニフォーム","1",469,478,"小森元也ICO","96.9341375","97.67417328","104.4965983","111.2414958","93.81717729"
403,"キャンプ","19",475,486,"キャンプ小森元也ICO","97.54731","98.60450397","107.8690471","115.7380942","94.94132688"
404,"ハロウィン","42",471,491,"ハロウィン小森元也ICO","96.320965","97.20900793","108.9931967","119.4852594","94.94132688"
