No.,服装,服装順.ID,攻撃力,守備力,DispName,Q_RZS.AttackVal,Q_RZS.ServeVal,Q_RZS.TossVal,Q_RZS.ReceiveVal,Q_RZS.BlockVal
366,"ユニフォーム","1",490,480,"佐久早聖臣ICO","105.6468909","103.5972787","98.87585042","104.6250726","100"
367,"サバゲ","2",498,486,"サバゲ佐久早聖臣ICO","107.5291879","105.395918","100","106.1667634","102.45269"
368,"新年2","2",497,488,"新年2佐久早聖臣ICO","109.4114849","103.5972787","100","104.6250726","104.90538"
369,"ユニフォーム","1",469,478,"小森元也ICO","96.86283837","98.20136067","104.4965983","111.5626814","93.2551025"
370,"キャンプ","2",475,486,"キャンプ小森元也ICO","97.4902707","99.10068033","107.8690471","116.187754","94.4814475"
371,"ハロウィン","2",471,491,"ハロウィン小森元也ICO","96.23540605","97.75170083","108.9931967","120.0419811","94.4814475"
