No.,服装,服装順.ID,攻撃力,守備力,DispName,Q_RZS.AttackVal,Q_RZS.ServeVal,Q_RZS.TossVal,Q_RZS.ReceiveVal,Q_RZS.BlockVal
317,"ユニフォーム","1",490,480,"佐久早聖臣ICO","106.131725","103.8542271","99.03644321","105.2460314","100"
318,"サバゲ","2",498,486,"サバゲ佐久早聖臣ICO","107.9712425","105.7813407","100","106.7448975","102.45269"
319,"新年2","2",497,488,"新年2佐久早聖臣ICO","109.81076","103.8542271","100","105.2460314","104.90538"
320,"ユニフォーム","1",469,478,"小森元也ICO","97.54731","98.07288643","103.8542271","111.9909289","93.2551025"
321,"キャンプ","2",475,486,"キャンプ小森元也ICO","98.1604825","99.03644321","106.7448975","116.4875272","94.4814475"
