No.,服装,服装順.ID,攻撃力,守備力,DispName,Q_RZS.AttackVal,Q_RZS.ServeVal,Q_RZS.TossVal,Q_RZS.ReceiveVal,Q_RZS.BlockVal
367,"ユニフォーム","1",490,480,"佐久早聖臣ICO","105.7813407","103.5972787","98.87585042","104.4965983","100"
368,"サバゲ","2",498,486,"サバゲ佐久早聖臣ICO","107.7084543","105.395918","100","105.9954644","102.45269"
369,"新年2","2",497,488,"新年2佐久早聖臣ICO","109.6355679","103.5972787","100","104.4965983","104.90538"
370,"ユニフォーム","1",469,478,"小森元也ICO","96.78814405","98.20136067","104.4965983","111.2414958","93.2551025"
371,"キャンプ","2",475,486,"キャンプ小森元也ICO","97.43051524","99.10068033","107.8690471","115.7380942","94.4814475"
372,"ハロウィン","2",471,491,"ハロウィン小森元也ICO","96.14577286","97.75170083","108.9931967","119.4852594","94.4814475"
