No.,服装,服装順.ID,攻撃力,守備力,DispName,Q_RZS.AttackVal,Q_RZS.ServeVal,Q_RZS.TossVal,Q_RZS.ReceiveVal,Q_RZS.BlockVal
387,"ユニフォーム","1",490,480,"佐久早聖臣ICO","105.5185525","103.7866091","98.87585042","104.4965983","100"
388,"サバゲ","14",498,486,"サバゲ佐久早聖臣ICO","107.35807","105.6799137","100","105.9954644","102.2482992"
389,"新年2","30",497,488,"新年2佐久早聖臣ICO","109.1975875","103.7866091","100","104.4965983","104.4965983"
390,"和装体験","46",503,492,"和装体験佐久早聖臣ICO","109.81076","106.1532398","100","108.2437636","103.9345235"
391,"ユニフォーム","1",469,478,"小森元也ICO","96.9341375","98.10669544","104.4965983","111.2414958","93.81717729"
392,"キャンプ","19",475,486,"キャンプ小森元也ICO","97.54731","99.05334772","107.8690471","115.7380942","94.94132688"
393,"ハロウィン","42",471,491,"ハロウィン小森元也ICO","96.320965","97.6333693","108.9931967","119.4852594","94.94132688"
