No.,服装,服装順.ID,攻撃力,守備力,DispName,Q_RZS.AttackVal,Q_RZS.ServeVal,Q_RZS.TossVal,Q_RZS.ReceiveVal,Q_RZS.BlockVal
370,"ユニフォーム","1",490,480,"佐久早聖臣ICO","106.0704078","103.5972787","98.87585042","104.7611041","100"
371,"サバゲ","2",498,486,"サバゲ佐久早聖臣ICO","108.093877","105.395918","100","106.3481388","102.45269"
372,"新年2","2",497,488,"新年2佐久早聖臣ICO","110.1173463","103.5972787","100","104.7611041","104.90538"
373,"和装体験","2",503,492,"和装体験佐久早聖臣ICO","110.791836","105.8455778","100","108.7286909","104.2922075"
374,"ユニフォーム","1",469,478,"小森元也ICO","96.62755125","98.20136067","104.4965983","111.9027603","93.2551025"
375,"キャンプ","2",475,486,"キャンプ小森元也ICO","97.302041","99.10068033","107.8690471","116.6638644","94.4814475"
376,"ハロウィン","2",471,491,"ハロウィン小森元也ICO","95.9530615","97.75170083","108.9931967","120.6314512","94.4814475"
