No.,服装,服装順.ID,攻撃力,守備力,DispName,Q_RZS.AttackVal,Q_RZS.ServeVal,Q_RZS.TossVal,Q_RZS.ReceiveVal,Q_RZS.BlockVal
357,"ユニフォーム","1",490,480,"佐久早聖臣ICO","105.8251388","103.5972787","98.87585042","105.1042468","100"
358,"サバゲ","2",498,486,"サバゲ佐久早聖臣ICO","107.6646563","105.395918","100","106.562603","102.3981858"
359,"新年2","2",497,488,"新年2佐久早聖臣ICO","109.5041738","103.5972787","100","105.1042468","104.7963716"
360,"ユニフォーム","1",469,478,"小森元也ICO","97.24072375","98.20136067","104.4965983","111.6668497","93.40498911"
361,"キャンプ","2",475,486,"キャンプ小森元也ICO","97.85389625","99.10068033","107.8690471","116.0419184","94.604082"
362,"ハロウィン","2",471,491,"ハロウィン小森元也ICO","96.62755125","97.75170083","108.9931967","119.6878089","94.604082"
