No.,服装,服装順.ID,攻撃力,守備力,DispName,Q_RZS.AttackVal,Q_RZS.ServeVal,Q_RZS.TossVal,Q_RZS.ReceiveVal,Q_RZS.BlockVal
194,"ユニフォーム","1",468,463,"駒木輝ICO","100.6131725","97.20900793","98.87585042","95.50340167","97.06743587"
195,"ユニフォーム","1",462,466,"茶屋和馬ICO","95.09462","95.34834655","97.75170083","95.50340167","98.82697435"
196,"ユニフォーム","1",464,466,"玉川弘樹ICO","95.7077925","95.34834655","98.87585042","97.00226778","97.6539487"
197,"ユニフォーム","1",458,473,"桜井大河ICO","95.7077925","96.74384259","97.75170083","105.9954644","94.72138457"
198,"ユニフォーム","1",477,458,"芳賀良治ICO","97.54731","96.74384259","106.7448975","94.00453556","95.30789739"
199,"ユニフォーム","1",460,465,"渋谷陸斗ICO","94.4814475","95.34834655","96.62755125","94.75396861","98.82697435"
200,"ユニフォーム","1",467,465,"池尻隼人ICO","95.7077925","96.74384259","98.87585042","96.25283472","97.6539487"
201,"文化祭2","27",475,471,"文化祭2池尻隼人ICO","97.54731","98.60450397","100","97.75170083","100"
202,"遊園地","33",478,470,"遊園地池尻隼人ICO","96.9341375","100.9303307","98.87585042","100","97.6539487"
