No.,服装,服装順.ID,攻撃力,守備力,DispName,Q_RZS.AttackVal,Q_RZS.ServeVal,Q_RZS.TossVal,Q_RZS.ReceiveVal,Q_RZS.BlockVal
188,"ユニフォーム","1",468,463,"駒木輝ICO","100.6744898","97.302041","98.87585042","95.50340167","96.9341375"
189,"ユニフォーム","1",462,466,"茶屋和馬ICO","94.604082","95.50340167","97.75170083","95.50340167","98.773655"
190,"ユニフォーム","1",464,466,"玉川弘樹ICO","95.27857175","95.50340167","98.87585042","97.00226778","97.54731"
191,"ユニフォーム","1",458,473,"桜井大河ICO","95.27857175","96.85238117","97.75170083","105.9954644","94.4814475"
192,"ユニフォーム","1",477,458,"芳賀良治ICO","97.302041","96.85238117","106.7448975","94.00453556","95.09462"
193,"ユニフォーム","1",460,465,"渋谷陸斗ICO","93.92959225","95.50340167","96.62755125","94.75396861","98.773655"
194,"ユニフォーム","1",467,465,"池尻隼人ICO","95.27857175","96.85238117","98.87585042","96.25283472","97.54731"
195,"文化祭2","2",475,471,"文化祭2池尻隼人ICO","97.302041","98.6510205","100","97.75170083","100"
196,"遊園地","2",478,470,"遊園地池尻隼人ICO","96.62755125","100.8993197","98.87585042","100","97.54731"
