No.,服装,服装順.ID,攻撃力,守備力,DispName,Q_RZS.AttackVal,Q_RZS.ServeVal,Q_RZS.TossVal,Q_RZS.ReceiveVal,Q_RZS.BlockVal
183,"ユニフォーム","1",468,463,"駒木輝ICO","100.6274323","97.302041","98.87585042","95.87811819","96.9341375"
184,"ユニフォーム","1",462,466,"茶屋和馬ICO","94.9805414","95.50340167","97.75170083","95.87811819","98.773655"
185,"ユニフォーム","1",464,466,"玉川弘樹ICO","95.60797372","95.50340167","98.87585042","97.37698431","97.54731"
186,"ユニフォーム","1",458,473,"桜井大河ICO","95.60797372","96.85238117","97.75170083","106.370181","94.4814475"
187,"ユニフォーム","1",477,458,"芳賀良治ICO","97.4902707","96.85238117","106.7448975","94.37925208","95.09462"
188,"ユニフォーム","1",460,465,"渋谷陸斗ICO","94.35310907","95.50340167","96.62755125","95.12868514","98.773655"
189,"ユニフォーム","1",467,465,"池尻隼人ICO","95.60797372","96.85238117","98.87585042","96.62755125","97.54731"
190,"文化祭2","2",475,471,"文化祭2池尻隼人ICO","97.4902707","98.6510205","100","98.12641736","100"
191,"遊園地","2",478,470,"遊園地池尻隼人ICO","96.86283837","100.8993197","98.87585042","100.3747165","97.54731"
