No.,服装,服装順.ID,攻撃力,守備力,DispName,Q_RZS.AttackVal,Q_RZS.ServeVal,Q_RZS.TossVal,Q_RZS.ReceiveVal,Q_RZS.BlockVal
162,"ユニフォーム","1",468,463,"駒木輝ICO","101.226345","97.10932964","99.03644321","96.25283472","96.9341375"
163,"ユニフォーム","1",462,466,"茶屋和馬ICO","95.7077925","95.18221607","98.07288643","96.25283472","98.773655"
164,"ユニフォーム","1",464,466,"玉川弘樹ICO","96.320965","95.18221607","99.03644321","97.75170083","97.54731"
165,"ユニフォーム","1",458,473,"桜井大河ICO","96.320965","96.62755125","98.07288643","106.7448975","94.4814475"
166,"ユニフォーム","1",477,458,"芳賀良治ICO","98.1604825","96.62755125","105.7813407","94.75396861","95.09462"
167,"ユニフォーム","1",460,465,"渋谷陸斗ICO","95.09462","95.18221607","97.10932964","95.50340167","98.773655"
168,"ユニフォーム","1",467,465,"池尻隼人ICO","96.320965","96.62755125","99.03644321","97.00226778","97.54731"
169,"文化祭2","2",475,471,"文化祭2池尻隼人ICO","98.1604825","98.55466482","100","98.50113389","100"
170,"遊園地","2",478,470,"遊園地池尻隼人ICO","97.54731","100.9635568","99.03644321","100.7494331","97.54731"
