No.,服装,服装順.ID,攻撃力,守備力,DispName,Q_RZS.AttackVal,Q_RZS.ServeVal,Q_RZS.TossVal,Q_RZS.ReceiveVal,Q_RZS.BlockVal
174,"ユニフォーム","1",468,463,"駒木輝ICO","101.226345","97.302041","98.9208164","96.25283472","96.9341375"
175,"ユニフォーム","1",462,466,"茶屋和馬ICO","95.7077925","95.50340167","97.8416328","96.25283472","98.773655"
176,"ユニフォーム","1",464,466,"玉川弘樹ICO","96.320965","95.50340167","98.9208164","97.75170083","97.54731"
177,"ユニフォーム","1",458,473,"桜井大河ICO","96.320965","96.85238117","97.8416328","106.7448975","94.4814475"
178,"ユニフォーム","1",477,458,"芳賀良治ICO","98.1604825","96.85238117","106.4751016","94.75396861","95.09462"
179,"ユニフォーム","1",460,465,"渋谷陸斗ICO","95.09462","95.50340167","96.7624492","95.50340167","98.773655"
180,"ユニフォーム","1",467,465,"池尻隼人ICO","96.320965","96.85238117","98.9208164","97.00226778","97.54731"
181,"文化祭2","2",475,471,"文化祭2池尻隼人ICO","98.1604825","98.6510205","100","98.50113389","100"
182,"遊園地","2",478,470,"遊園地池尻隼人ICO","97.54731","100.8993197","98.9208164","100.7494331","97.54731"
