No.,服装,服装順.ID,攻撃力,守備力,DispName,Q_RZS.AttackVal,Q_RZS.ServeVal,Q_RZS.TossVal,Q_RZS.ReceiveVal,Q_RZS.BlockVal
181,"ユニフォーム","1",468,463,"駒木輝ICO","100.9197588","97.302041","98.87585042","95.87811819","96.9341375"
182,"ユニフォーム","1",462,466,"茶屋和馬ICO","95.40120625","95.50340167","97.75170083","95.87811819","98.773655"
183,"ユニフォーム","1",464,466,"玉川弘樹ICO","96.01437875","95.50340167","98.87585042","97.37698431","97.54731"
184,"ユニフォーム","1",458,473,"桜井大河ICO","96.01437875","96.85238117","97.75170083","106.370181","94.4814475"
185,"ユニフォーム","1",477,458,"芳賀良治ICO","97.85389625","96.85238117","106.7448975","94.37925208","95.09462"
186,"ユニフォーム","1",460,465,"渋谷陸斗ICO","94.78803375","95.50340167","96.62755125","95.12868514","98.773655"
187,"ユニフォーム","1",467,465,"池尻隼人ICO","96.01437875","96.85238117","98.87585042","96.62755125","97.54731"
188,"文化祭2","2",475,471,"文化祭2池尻隼人ICO","97.85389625","98.6510205","100","98.12641736","100"
189,"遊園地","2",478,470,"遊園地池尻隼人ICO","97.24072375","100.8993197","98.87585042","100.3747165","97.54731"
