No.,服装,服装順.ID,攻撃力,守備力,DispName,Q_RZS.AttackVal,Q_RZS.ServeVal,Q_RZS.TossVal,Q_RZS.ReceiveVal,Q_RZS.BlockVal
180,"ユニフォーム","1",468,463,"駒木輝ICO","100.9197588","97.302041","98.87585042","96.35410946","97.00226778"
181,"ユニフォーム","1",462,466,"茶屋和馬ICO","95.40120625","95.50340167","97.75170083","96.35410946","98.80090711"
182,"ユニフォーム","1",464,466,"玉川弘樹ICO","96.01437875","95.50340167","98.87585042","97.81246568","97.60181422"
183,"ユニフォーム","1",458,473,"桜井大河ICO","96.01437875","96.85238117","97.75170083","106.562603","94.604082"
184,"ユニフォーム","1",477,458,"芳賀良治ICO","97.85389625","96.85238117","106.7448975","94.89575324","95.20362844"
185,"ユニフォーム","1",460,465,"渋谷陸斗ICO","94.78803375","95.50340167","96.62755125","95.62493135","98.80090711"
186,"ユニフォーム","1",467,465,"池尻隼人ICO","96.01437875","96.85238117","98.87585042","97.08328757","97.60181422"
187,"文化祭2","2",475,471,"文化祭2池尻隼人ICO","97.85389625","98.6510205","100","98.54164378","100"
188,"遊園地","2",478,470,"遊園地池尻隼人ICO","97.24072375","100.8993197","98.87585042","100.7291781","97.60181422"
