No.,服装,服装順.ID,攻撃力,守備力,DispName,Q_RZS.AttackVal,Q_RZS.ServeVal,Q_RZS.TossVal,Q_RZS.ReceiveVal,Q_RZS.BlockVal
195,"ユニフォーム","1",468,463,"駒木輝ICO","100.6131725","97.10932964","98.87585042","95.50340167","97.18962604"
196,"ユニフォーム","1",462,466,"茶屋和馬ICO","95.09462","95.18221607","97.75170083","95.50340167","98.87585042"
197,"ユニフォーム","1",464,466,"玉川弘樹ICO","95.7077925","95.18221607","98.87585042","97.00226778","97.75170083"
198,"ユニフォーム","1",458,473,"桜井大河ICO","95.7077925","96.62755125","97.75170083","105.9954644","94.94132688"
199,"ユニフォーム","1",477,458,"芳賀良治ICO","97.54731","96.62755125","106.7448975","94.00453556","95.50340167"
200,"ユニフォーム","1",460,465,"渋谷陸斗ICO","94.4814475","95.18221607","96.62755125","94.75396861","98.87585042"
201,"ユニフォーム","1",467,465,"池尻隼人ICO","95.7077925","96.62755125","98.87585042","96.25283472","97.75170083"
202,"文化祭2","27",475,471,"文化祭2池尻隼人ICO","97.54731","98.55466482","100","97.75170083","100"
203,"遊園地","33",478,470,"遊園地池尻隼人ICO","96.9341375","100.9635568","98.87585042","100","97.75170083"
