No.,服装,服装順.ID,攻撃力,守備力,DispName,Q_RZS.AttackVal,Q_RZS.ServeVal,Q_RZS.TossVal,Q_RZS.ReceiveVal,Q_RZS.BlockVal
189,"ユニフォーム","1",468,463,"駒木輝ICO","100.6580388","97.16004316","98.87585042","95.50340167","96.9341375"
190,"ユニフォーム","1",462,466,"茶屋和馬ICO","94.73568976","95.2667386","97.75170083","95.50340167","98.773655"
191,"ユニフォーム","1",464,466,"玉川弘樹ICO","95.39372854","95.2667386","98.87585042","97.00226778","97.54731"
192,"ユニフォーム","1",458,473,"桜井大河ICO","95.39372854","96.68671702","97.75170083","105.9954644","94.4814475"
193,"ユニフォーム","1",477,458,"芳賀良治ICO","97.36784488","96.68671702","106.7448975","94.00453556","95.09462"
194,"ユニフォーム","1",460,465,"渋谷陸斗ICO","94.07765098","95.2667386","96.62755125","94.75396861","98.773655"
195,"ユニフォーム","1",467,465,"池尻隼人ICO","95.39372854","96.68671702","98.87585042","96.25283472","97.54731"
196,"文化祭2","2",475,471,"文化祭2池尻隼人ICO","97.36784488","98.58002158","100","97.75170083","100"
197,"遊園地","2",478,470,"遊園地池尻隼人ICO","96.7098061","100.9466523","98.87585042","100","97.54731"
