No.,服装,服装順.ID,攻撃力,守備力,DispName,Q_RZS.AttackVal,Q_RZS.ServeVal,Q_RZS.TossVal,Q_RZS.ReceiveVal,Q_RZS.BlockVal
186,"ユニフォーム","1",468,463,"駒木輝ICO","100.6274323","97.302041","98.87585042","95.37492743","96.9341375"
187,"ユニフォーム","1",462,466,"茶屋和馬ICO","94.9805414","95.50340167","97.75170083","95.37492743","98.773655"
188,"ユニフォーム","1",464,466,"玉川弘樹ICO","95.60797372","95.50340167","98.87585042","96.91661829","97.54731"
189,"ユニフォーム","1",458,473,"桜井大河ICO","95.60797372","96.85238117","97.75170083","106.1667634","94.4814475"
190,"ユニフォーム","1",477,458,"芳賀良治ICO","97.4902707","96.85238117","106.7448975","93.83323657","95.09462"
191,"ユニフォーム","1",460,465,"渋谷陸斗ICO","94.35310907","95.50340167","96.62755125","94.604082","98.773655"
192,"ユニフォーム","1",467,465,"池尻隼人ICO","95.60797372","96.85238117","98.87585042","96.14577286","97.54731"
193,"文化祭2","2",475,471,"文化祭2池尻隼人ICO","97.4902707","98.6510205","100","97.68746371","100"
194,"遊園地","2",478,470,"遊園地池尻隼人ICO","96.86283837","100.8993197","98.87585042","100","97.54731"
