No.,服装,服装順.ID,攻撃力,守備力,DispName,Q_RZS.AttackVal,Q_RZS.ServeVal,Q_RZS.TossVal,Q_RZS.ReceiveVal,Q_RZS.BlockVal
194,"ユニフォーム","1",468,463,"駒木輝ICO","100.6274323","97.25631288","98.87585042","95.50340167","97.12983085"
195,"ユニフォーム","1",462,466,"茶屋和馬ICO","94.9805414","95.42718814","97.75170083","95.50340167","98.85193234"
196,"ユニフォーム","1",464,466,"玉川弘樹ICO","95.60797372","95.42718814","98.87585042","97.00226778","97.70386468"
197,"ユニフォーム","1",458,473,"桜井大河ICO","95.60797372","96.79903169","97.75170083","105.9954644","94.83369553"
198,"ユニフォーム","1",477,458,"芳賀良治ICO","97.4902707","96.79903169","106.7448975","94.00453556","95.40772936"
199,"ユニフォーム","1",460,465,"渋谷陸斗ICO","94.35310907","95.42718814","96.62755125","94.75396861","98.85193234"
200,"ユニフォーム","1",467,465,"池尻隼人ICO","95.60797372","96.79903169","98.87585042","96.25283472","97.70386468"
201,"文化祭2","27",475,471,"文化祭2池尻隼人ICO","97.4902707","98.62815644","100","97.75170083","100"
202,"遊園地","33",478,470,"遊園地池尻隼人ICO","96.86283837","100.9145624","98.87585042","100","97.70386468"
