No.,服装,服装順.ID,攻撃力,守備力,DispName,Q_RZS.AttackVal,Q_RZS.ServeVal,Q_RZS.TossVal,Q_RZS.ReceiveVal,Q_RZS.BlockVal
174,"ユニフォーム","1",472,465,"十和田良樹ICO","98.773655","97.10932964","99.03644321","97.00226778","97.54731"
175,"ユニフォーム","1",460,465,"森岳歩ICO","95.7077925","94.70043768","97.10932964","95.50340167","98.773655"
176,"ユニフォーム","1",473,468,"唐松拓巳ICO","98.773655","97.59110804","99.03644321","98.50113389","98.1604825"
177,"ユニフォーム","1",467,466,"田沢裕樹ICO","96.9341375","96.14577286","99.03644321","97.00226778","98.1604825"
178,"ユニフォーム","1",468,465,"子安颯真ICO","96.9341375","97.59110804","97.10932964","95.50340167","98.773655"
179,"サバゲ2","2",474,473,"サバゲ2子安颯真ICO","98.773655","98.55466482","98.07288643","97.00226778","102.45269"
180,"ユニフォーム","1",458,470,"横手駿ICO","96.320965","96.62755125","98.07288643","104.4965983","94.4814475"
181,"ユニフォーム","1",472,463,"夏瀬伊吹ICO","96.320965","96.14577286","104.8177839","95.50340167","97.54731"
182,"ユニフォーム","1",484,472,"秋宮昇ICO","96.320965","100","108.6720111","100.7494331","98.773655"
