No.,服装,服装順.ID,攻撃力,守備力,DispName,Q_RZS.AttackVal,Q_RZS.ServeVal,Q_RZS.TossVal,Q_RZS.ReceiveVal,Q_RZS.BlockVal
183,"ユニフォーム","1",472,465,"十和田良樹ICO","98.773655","97.302041","98.9208164","97.00226778","97.54731"
184,"ユニフォーム","1",460,465,"森岳歩ICO","95.7077925","95.05374183","96.7624492","95.50340167","98.773655"
185,"ユニフォーム","1",473,468,"唐松拓巳ICO","98.773655","97.75170083","98.9208164","98.50113389","98.1604825"
186,"ユニフォーム","1",467,466,"田沢裕樹ICO","96.9341375","96.40272133","98.9208164","97.00226778","98.1604825"
187,"ユニフォーム","1",468,465,"子安颯真ICO","96.9341375","97.75170083","96.7624492","95.50340167","98.773655"
188,"サバゲ2","2",474,473,"サバゲ2子安颯真ICO","98.773655","98.6510205","97.8416328","97.00226778","102.45269"
189,"ユニフォーム","1",458,470,"横手駿ICO","96.320965","96.85238117","97.8416328","104.4965983","94.4814475"
190,"ユニフォーム","1",472,463,"夏瀬伊吹ICO","96.320965","96.40272133","105.395918","95.50340167","97.54731"
191,"ユニフォーム","1",484,472,"秋宮昇ICO","96.320965","100","109.7126524","100.7494331","98.773655"
