No.,服装,服装順.ID,攻撃力,守備力,DispName,Q_RZS.AttackVal,Q_RZS.ServeVal,Q_RZS.TossVal,Q_RZS.ReceiveVal,Q_RZS.BlockVal
203,"ユニフォーム","1",472,465,"十和田良樹ICO","98.11770302","97.25631288","98.87585042","96.25283472","97.70386468"
204,"ユニフォーム","1",460,465,"森岳歩ICO","94.9805414","94.96990695","96.62755125","94.75396861","98.85193234"
205,"ユニフォーム","1",473,468,"唐松拓巳ICO","98.11770302","97.71359407","98.87585042","97.75170083","98.27789851"
206,"ユニフォーム","1",467,466,"田沢裕樹ICO","96.23540605","96.34175051","98.87585042","96.25283472","98.27789851"
207,"ユニフォーム","1",468,465,"子安颯真ICO","96.23540605","97.71359407","96.62755125","94.75396861","98.85193234"
208,"サバゲ2","38",474,473,"サバゲ2子安颯真ICO","98.11770302","98.62815644","97.75170083","96.25283472","102.2961353"
209,"ユニフォーム","1",458,470,"横手駿ICO","95.60797372","96.79903169","97.75170083","103.7471653","94.83369553"
210,"ユニフォーム","1",472,463,"夏瀬伊吹ICO","95.60797372","96.34175051","105.6207479","94.75396861","97.70386468"
211,"ユニフォーム","1",484,472,"秋宮昇ICO","95.60797372","100","110.1173463","100","98.85193234"
