No.,服装,服装順.ID,攻撃力,守備力,DispName,Q_RZS.AttackVal,Q_RZS.ServeVal,Q_RZS.TossVal,Q_RZS.ReceiveVal,Q_RZS.BlockVal
190,"ユニフォーム","1",472,465,"十和田良樹ICO","98.46706875","97.302041","98.87585042","96.62755125","97.54731"
191,"ユニフォーム","1",460,465,"森岳歩ICO","95.40120625","95.05374183","96.62755125","95.12868514","98.773655"
192,"ユニフォーム","1",473,468,"唐松拓巳ICO","98.46706875","97.75170083","98.87585042","98.12641736","98.1604825"
193,"ユニフォーム","1",467,466,"田沢裕樹ICO","96.62755125","96.40272133","98.87585042","96.62755125","98.1604825"
194,"ユニフォーム","1",468,465,"子安颯真ICO","96.62755125","97.75170083","96.62755125","95.12868514","98.773655"
195,"サバゲ2","2",474,473,"サバゲ2子安颯真ICO","98.46706875","98.6510205","97.75170083","96.62755125","102.45269"
196,"ユニフォーム","1",458,470,"横手駿ICO","96.01437875","96.85238117","97.75170083","104.1218818","94.4814475"
197,"ユニフォーム","1",472,463,"夏瀬伊吹ICO","96.01437875","96.40272133","105.6207479","95.12868514","97.54731"
198,"ユニフォーム","1",484,472,"秋宮昇ICO","96.01437875","100","110.1173463","100.3747165","98.773655"
