No.,服装,服装順.ID,攻撃力,守備力,DispName,Q_RZS.AttackVal,Q_RZS.ServeVal,Q_RZS.TossVal,Q_RZS.ReceiveVal,Q_RZS.BlockVal
198,"ユニフォーム","1",472,465,"十和田良樹ICO","97.97653075","97.302041","98.87585042","96.14577286","97.54731"
199,"ユニフォーム","1",460,465,"森岳歩ICO","94.604082","95.05374183","96.62755125","94.604082","98.773655"
200,"ユニフォーム","1",473,468,"唐松拓巳ICO","97.97653075","97.75170083","98.87585042","97.68746371","98.1604825"
201,"ユニフォーム","1",467,466,"田沢裕樹ICO","95.9530615","96.40272133","98.87585042","96.14577286","98.1604825"
202,"ユニフォーム","1",468,465,"子安颯真ICO","95.9530615","97.75170083","96.62755125","94.604082","98.773655"
203,"サバゲ2","2",474,473,"サバゲ2子安颯真ICO","97.97653075","98.6510205","97.75170083","96.14577286","102.45269"
204,"ユニフォーム","1",458,470,"横手駿ICO","95.27857175","96.85238117","97.75170083","103.8542271","94.4814475"
205,"ユニフォーム","1",472,463,"夏瀬伊吹ICO","95.27857175","96.40272133","105.6207479","94.604082","97.54731"
206,"ユニフォーム","1",484,472,"秋宮昇ICO","95.27857175","100","110.1173463","100","98.773655"
