No.,服装,服装順.ID,攻撃力,守備力,DispName,Q_RZS.AttackVal,Q_RZS.ServeVal,Q_RZS.TossVal,Q_RZS.ReceiveVal,Q_RZS.BlockVal
198,"ユニフォーム","1",472,465,"十和田良樹ICO","97.97653075","97.20900793","98.87585042","96.25283472","97.54731"
199,"ユニフォーム","1",460,465,"森岳歩ICO","94.604082","94.88318121","96.62755125","94.75396861","98.773655"
200,"ユニフォーム","1",473,468,"唐松拓巳ICO","97.97653075","97.67417328","98.87585042","97.75170083","98.1604825"
201,"ユニフォーム","1",467,466,"田沢裕樹ICO","95.9530615","96.27867724","98.87585042","96.25283472","98.1604825"
202,"ユニフォーム","1",468,465,"子安颯真ICO","95.9530615","97.67417328","96.62755125","94.75396861","98.773655"
203,"サバゲ2","2",474,473,"サバゲ2子安颯真ICO","97.97653075","98.60450397","97.75170083","96.25283472","102.45269"
204,"ユニフォーム","1",458,470,"横手駿ICO","95.27857175","96.74384259","97.75170083","103.7471653","94.4814475"
205,"ユニフォーム","1",472,463,"夏瀬伊吹ICO","95.27857175","96.27867724","105.6207479","94.75396861","97.54731"
206,"ユニフォーム","1",484,472,"秋宮昇ICO","95.27857175","100","110.1173463","100","98.773655"
