No.,服装,服装順.ID,攻撃力,守備力,DispName,Q_RZS.AttackVal,Q_RZS.ServeVal,Q_RZS.TossVal,Q_RZS.ReceiveVal,Q_RZS.BlockVal
209,"ユニフォーム","1",472,465,"十和田良樹ICO","98.1604825","96.62755125","98.87585042","96.25283472","97.75170083"
210,"ユニフォーム","1",460,465,"森岳歩ICO","95.09462","94.21865929","96.62755125","94.75396861","98.87585042"
211,"ユニフォーム","1",473,468,"唐松拓巳ICO","98.1604825","97.10932964","98.87585042","97.75170083","98.31377563"
212,"ユニフォーム","1",467,466,"田沢裕樹ICO","96.320965","95.66399446","98.87585042","96.25283472","98.31377563"
213,"ユニフォーム","1",468,465,"子安颯真ICO","96.320965","97.10932964","96.62755125","94.75396861","98.87585042"
214,"サバゲ2","38",474,473,"サバゲ2子安颯真ICO","98.1604825","98.07288643","97.75170083","96.25283472","102.2482992"
215,"ユニフォーム","1",458,470,"横手駿ICO","95.7077925","96.14577286","97.75170083","103.7471653","94.94132688"
216,"ユニフォーム","1",472,463,"夏瀬伊吹ICO","95.7077925","95.66399446","105.6207479","94.75396861","97.75170083"
217,"ユニフォーム","1",484,472,"秋宮昇ICO","95.7077925","99.5182216","110.1173463","100","98.87585042"
