No.,服装,服装順.ID,攻撃力,守備力,DispName,Q_RZS.AttackVal,Q_RZS.ServeVal,Q_RZS.TossVal,Q_RZS.ReceiveVal,Q_RZS.BlockVal
203,"ユニフォーム","1",472,465,"十和田良樹ICO","98.1604825","97.16004316","98.87585042","96.25283472","97.75170083"
204,"ユニフォーム","1",460,465,"森岳歩ICO","95.09462","94.79341246","96.62755125","94.75396861","98.87585042"
205,"ユニフォーム","1",473,468,"唐松拓巳ICO","98.1604825","97.6333693","98.87585042","97.75170083","98.31377563"
206,"ユニフォーム","1",467,466,"田沢裕樹ICO","96.320965","96.21339088","98.87585042","96.25283472","98.31377563"
207,"ユニフォーム","1",468,465,"子安颯真ICO","96.320965","97.6333693","96.62755125","94.75396861","98.87585042"
208,"サバゲ2","38",474,473,"サバゲ2子安颯真ICO","98.1604825","98.58002158","97.75170083","96.25283472","102.2482992"
209,"ユニフォーム","1",458,470,"横手駿ICO","95.7077925","96.68671702","97.75170083","103.7471653","94.94132688"
210,"ユニフォーム","1",472,463,"夏瀬伊吹ICO","95.7077925","96.21339088","105.6207479","94.75396861","97.75170083"
211,"ユニフォーム","1",484,472,"秋宮昇ICO","95.7077925","100","110.1173463","100","98.87585042"
