No.,服装,服装順.ID,攻撃力,守備力,DispName,Q_RZS.AttackVal,Q_RZS.ServeVal,Q_RZS.TossVal,Q_RZS.ReceiveVal,Q_RZS.BlockVal
400,"ユニフォーム","1",482,473,"白峰周ICO","98.02588366","101.4199784","108.9931967","99.25056694","100"
401,"ユニフォーム","1",465,469,"和倉久彦ICO","94.07765098","97.6333693","96.62755125","96.25283472","100"
402,"ユニフォーム","1",471,469,"金沢伊織ICO","99.34196122","98.58002158","96.62755125","94.00453556","101.8395175"
403,"ユニフォーム","1",462,462,"志賀智也ICO","96.05176732","94.79341246","96.62755125","93.2551025","98.1604825"
404,"ユニフォーム","1",464,474,"輪島友和ICO","95.39372854","96.68671702","104.4965983","105.9954644","95.09462"
405,"ユニフォーム","1",469,477,"深谷謙朗ICO","100.6580388","96.21339088","97.75170083","100.7494331","101.226345"
406,"ユニフォーム","1",470,463,"山代総司ICO","97.36784488","95.74006474","101.1241496","94.00453556","98.1604825"
