No.,服装,服装順.ID,攻撃力,守備力,DispName,Q_RZS.AttackVal,Q_RZS.ServeVal,Q_RZS.TossVal,Q_RZS.ReceiveVal,Q_RZS.BlockVal
371,"ユニフォーム","1",482,473,"白峰周ICO","98.773655","101.3489795","108.9931967","100","100"
372,"ユニフォーム","1",465,469,"和倉久彦ICO","95.09462","97.75170083","96.62755125","97.00226778","100"
373,"ユニフォーム","1",471,469,"金沢伊織ICO","100","98.6510205","96.62755125","94.75396861","101.9271136"
374,"ユニフォーム","1",462,462,"志賀智也ICO","96.9341375","95.05374183","96.62755125","94.00453556","98.07288643"
375,"ユニフォーム","1",464,474,"輪島友和ICO","96.320965","96.85238117","104.4965983","106.7448975","94.86103048"
376,"ユニフォーム","1",469,477,"深谷謙朗ICO","101.226345","96.40272133","97.75170083","101.4988661","101.2847424"
377,"ユニフォーム","1",470,463,"山代総司ICO","98.1604825","95.9530615","101.1241496","94.75396861","98.07288643"
