No.,服装,服装順.ID,攻撃力,守備力,DispName,Q_RZS.AttackVal,Q_RZS.ServeVal,Q_RZS.TossVal,Q_RZS.ReceiveVal,Q_RZS.BlockVal
408,"ユニフォーム","1",482,473,"白峰周ICO","98.1604825","101.4199784","108.9931967","99.25056694","100"
409,"ユニフォーム","1",465,469,"和倉久彦ICO","94.4814475","97.6333693","96.62755125","96.25283472","100"
410,"ユニフォーム","1",471,469,"金沢伊織ICO","99.3868275","98.58002158","96.62755125","94.00453556","101.6862244"
411,"ユニフォーム","1",462,462,"志賀智也ICO","96.320965","94.79341246","96.62755125","93.2551025","98.31377563"
412,"ユニフォーム","1",464,474,"輪島友和ICO","95.7077925","96.68671702","104.4965983","105.9954644","95.50340167"
413,"ユニフォーム","1",469,477,"深谷謙朗ICO","100.6131725","96.21339088","97.75170083","100.7494331","101.1241496"
414,"ユニフォーム","1",470,463,"山代総司ICO","97.54731","95.74006474","101.1241496","94.00453556","98.31377563"
