No.,服装,服装順.ID,攻撃力,守備力,DispName,Q_RZS.AttackVal,Q_RZS.ServeVal,Q_RZS.TossVal,Q_RZS.ReceiveVal,Q_RZS.BlockVal
367,"ユニフォーム","1",482,473,"白峰周ICO","98.773655","101.395496","108.3014123","100","100"
368,"ユニフォーム","1",465,469,"和倉久彦ICO","95.09462","97.67417328","96.88697038","97.00226778","100"
369,"ユニフォーム","1",471,469,"金沢伊織ICO","100","98.60450397","96.88697038","94.75396861","101.8395175"
370,"ユニフォーム","1",462,462,"志賀智也ICO","96.9341375","94.88318121","96.88697038","94.00453556","98.1604825"
371,"ユニフォーム","1",464,474,"輪島友和ICO","96.320965","96.74384259","104.1507062","106.7448975","95.09462"
372,"ユニフォーム","1",469,477,"深谷謙朗ICO","101.226345","96.27867724","97.92464692","101.4988661","101.226345"
373,"ユニフォーム","1",470,463,"山代総司ICO","98.1604825","95.8135119","101.0376765","94.75396861","98.1604825"
