No.,服装,服装順.ID,攻撃力,守備力,DispName,Q_RZS.AttackVal,Q_RZS.ServeVal,Q_RZS.TossVal,Q_RZS.ReceiveVal,Q_RZS.BlockVal
399,"ユニフォーム","1",482,473,"白峰周ICO","97.97653075","101.395496","108.9931967","99.25056694","100"
400,"ユニフォーム","1",465,469,"和倉久彦ICO","93.92959225","97.67417328","96.62755125","96.25283472","100"
401,"ユニフォーム","1",471,469,"金沢伊織ICO","99.32551025","98.60450397","96.62755125","94.00453556","101.8395175"
402,"ユニフォーム","1",462,462,"志賀智也ICO","95.9530615","94.88318121","96.62755125","93.2551025","98.1604825"
403,"ユニフォーム","1",464,474,"輪島友和ICO","95.27857175","96.74384259","104.4965983","105.9954644","95.09462"
404,"ユニフォーム","1",469,477,"深谷謙朗ICO","100.6744898","96.27867724","97.75170083","100.7494331","101.226345"
405,"ユニフォーム","1",470,463,"山代総司ICO","97.302041","95.8135119","101.1241496","94.00453556","98.1604825"
