No.,服装,服装順.ID,攻撃力,守備力,DispName,Q_RZS.AttackVal,Q_RZS.ServeVal,Q_RZS.TossVal,Q_RZS.ReceiveVal,Q_RZS.BlockVal
386,"ユニフォーム","1",482,473,"白峰周ICO","98.11770302","101.3489795","108.9931967","99.22915457","100"
387,"ユニフォーム","1",465,469,"和倉久彦ICO","94.35310907","97.75170083","96.62755125","96.14577286","100"
388,"ユニフォーム","1",471,469,"金沢伊織ICO","99.37256767","98.6510205","96.62755125","93.83323657","101.8395175"
389,"ユニフォーム","1",462,462,"志賀智也ICO","96.23540605","95.05374183","96.62755125","93.06239114","98.1604825"
390,"ユニフォーム","1",464,474,"輪島友和ICO","95.60797372","96.85238117","104.4965983","106.1667634","95.09462"
391,"ユニフォーム","1",469,477,"深谷謙朗ICO","100.6274323","96.40272133","97.75170083","100.7708454","101.226345"
392,"ユニフォーム","1",470,463,"山代総司ICO","97.4902707","95.9530615","101.1241496","93.83323657","98.1604825"
