No.,服装,服装順.ID,攻撃力,守備力,DispName,Q_RZS.AttackVal,Q_RZS.ServeVal,Q_RZS.TossVal,Q_RZS.ReceiveVal,Q_RZS.BlockVal
358,"ユニフォーム","1",482,473,"白峰周ICO","98.773655","101.4453352","107.7084543","100","100"
359,"ユニフォーム","1",465,469,"和倉久彦ICO","95.09462","97.59110804","97.10932964","97.00226778","100"
360,"ユニフォーム","1",471,469,"金沢伊織ICO","100","98.55466482","97.10932964","94.75396861","101.8395175"
361,"ユニフォーム","1",462,462,"志賀智也ICO","96.9341375","94.70043768","97.10932964","94.00453556","98.1604825"
362,"ユニフォーム","1",464,474,"輪島友和ICO","96.320965","96.62755125","103.8542271","106.7448975","95.09462"
363,"ユニフォーム","1",469,477,"深谷謙朗ICO","101.226345","96.14577286","98.07288643","101.4988661","101.226345"
