No.,服装,服装順.ID,攻撃力,守備力,DispName,Q_RZS.AttackVal,Q_RZS.ServeVal,Q_RZS.TossVal,Q_RZS.ReceiveVal,Q_RZS.BlockVal
411,"ユニフォーム","1",482,473,"白峰周ICO","98.1604825","100.9635568","108.9931967","99.25056694","100"
412,"ユニフォーム","1",465,469,"和倉久彦ICO","94.4814475","97.10932964","96.62755125","96.25283472","100"
413,"ユニフォーム","1",471,469,"金沢伊織ICO","99.3868275","98.07288643","96.62755125","94.00453556","101.6862244"
414,"ユニフォーム","1",462,462,"志賀智也ICO","96.320965","94.21865929","96.62755125","93.2551025","98.31377563"
415,"ユニフォーム","1",464,474,"輪島友和ICO","95.7077925","96.14577286","104.4965983","105.9954644","95.50340167"
416,"ユニフォーム","1",469,477,"深谷謙朗ICO","100.6131725","95.66399446","97.75170083","100.7494331","101.1241496"
417,"ユニフォーム","1",470,463,"山代総司ICO","97.54731","95.18221607","101.1241496","94.00453556","98.31377563"
