No.,服装,服装順.ID,攻撃力,守備力,DispName,Q_RZS.AttackVal,Q_RZS.ServeVal,Q_RZS.TossVal,Q_RZS.ReceiveVal,Q_RZS.BlockVal
388,"ユニフォーム","1",482,473,"白峰周ICO","98.02588366","101.3489795","108.9931967","99.25056694","100"
389,"ユニフォーム","1",465,469,"和倉久彦ICO","94.07765098","97.75170083","96.62755125","96.25283472","100"
390,"ユニフォーム","1",471,469,"金沢伊織ICO","99.34196122","98.6510205","96.62755125","94.00453556","101.8395175"
391,"ユニフォーム","1",462,462,"志賀智也ICO","96.05176732","95.05374183","96.62755125","93.2551025","98.1604825"
392,"ユニフォーム","1",464,474,"輪島友和ICO","95.39372854","96.85238117","104.4965983","105.9954644","95.09462"
393,"ユニフォーム","1",469,477,"深谷謙朗ICO","100.6580388","96.40272133","97.75170083","100.7494331","101.226345"
394,"ユニフォーム","1",470,463,"山代総司ICO","97.36784488","95.9530615","101.1241496","94.00453556","98.1604825"
