No.,服装,服装順.ID,攻撃力,守備力,DispName,Q_RZS.AttackVal,Q_RZS.ServeVal,Q_RZS.TossVal,Q_RZS.ReceiveVal,Q_RZS.BlockVal
376,"ユニフォーム","1",482,473,"白峰周ICO","98.46706875","101.3489795","108.9931967","100","100"
377,"ユニフォーム","1",465,469,"和倉久彦ICO","94.78803375","97.75170083","96.62755125","97.08328757","100"
378,"ユニフォーム","1",471,469,"金沢伊織ICO","99.6934138","98.6510205","96.62755125","94.89575324","101.7986393"
379,"ユニフォーム","1",462,462,"志賀智也ICO","96.62755125","95.05374183","96.62755125","94.16657514","98.20136067"
380,"ユニフォーム","1",464,474,"輪島友和ICO","96.01437875","96.85238117","104.4965983","106.562603","95.20362844"
381,"ユニフォーム","1",469,477,"深谷謙朗ICO","100.9197588","96.40272133","97.75170083","101.4583562","101.1990929"
382,"ユニフォーム","1",470,463,"山代総司ICO","97.85389625","95.9530615","101.1241496","94.89575324","98.20136067"
