No.,服装,服装順.ID,攻撃力,守備力,DispName,Q_RZS.AttackVal,Q_RZS.ServeVal,Q_RZS.TossVal,Q_RZS.ReceiveVal,Q_RZS.BlockVal
382,"ユニフォーム","1",482,473,"白峰周ICO","98.11770302","101.3489795","108.9931967","99.6252835","100"
383,"ユニフォーム","1",465,469,"和倉久彦ICO","94.35310907","97.75170083","96.62755125","96.62755125","100"
384,"ユニフォーム","1",471,469,"金沢伊織ICO","99.37256767","98.6510205","96.62755125","94.37925208","101.8395175"
385,"ユニフォーム","1",462,462,"志賀智也ICO","96.23540605","95.05374183","96.62755125","93.62981903","98.1604825"
386,"ユニフォーム","1",464,474,"輪島友和ICO","95.60797372","96.85238117","104.4965983","106.370181","95.09462"
387,"ユニフォーム","1",469,477,"深谷謙朗ICO","100.6274323","96.40272133","97.75170083","101.1241496","101.226345"
388,"ユニフォーム","1",470,463,"山代総司ICO","97.4902707","95.9530615","101.1241496","94.37925208","98.1604825"
