No.,服装,服装順.ID,攻撃力,守備力,DispName,Q_RZS.AttackVal,Q_RZS.ServeVal,Q_RZS.TossVal,Q_RZS.ReceiveVal,Q_RZS.BlockVal
378,"ユニフォーム","1",482,473,"白峰周ICO","98.46706875","101.3489795","108.9931967","99.6252835","100"
379,"ユニフォーム","1",465,469,"和倉久彦ICO","94.78803375","97.75170083","96.62755125","96.62755125","100"
380,"ユニフォーム","1",471,469,"金沢伊織ICO","99.6934138","98.6510205","96.62755125","94.37925208","101.8395175"
381,"ユニフォーム","1",462,462,"志賀智也ICO","96.62755125","95.05374183","96.62755125","93.62981903","98.1604825"
382,"ユニフォーム","1",464,474,"輪島友和ICO","96.01437875","96.85238117","104.4965983","106.370181","95.09462"
383,"ユニフォーム","1",469,477,"深谷謙朗ICO","100.9197588","96.40272133","97.75170083","101.1241496","101.226345"
384,"ユニフォーム","1",470,463,"山代総司ICO","97.85389625","95.9530615","101.1241496","94.37925208","98.1604825"
