No.,服装,服装順.ID,攻撃力,守備力,DispName,Q_RZS.AttackVal,Q_RZS.ServeVal,Q_RZS.TossVal,Q_RZS.ReceiveVal,Q_RZS.BlockVal
291,"ユニフォーム","1",480,475,"千鹿谷栄吉ICO","103.1371616","100.4572812","100","96.25283472","103.444203"
292,"ユニフォーム","1",479,469,"小鹿野大樹ICO","101.882297","99.5427188","103.3724488","97.75170083","98.85193234"
293,"ユニフォーム","1",457,470,"赤谷勇ICO","94.35310907","95.42718814","102.2482992","103.7471653","94.83369553"
294,"ユニフォーム","1",466,467,"児玉勝ICO","96.86283837","96.34175051","96.62755125","98.50113389","97.12983085"
295,"ユニフォーム","1",471,464,"名栗翔太ICO","94.35310907","96.79903169","105.6207479","97.75170083","95.98176319"
296,"ユニフォーム","1",463,461,"島府典明ICO","95.60797372","93.59806339","102.2482992","94.00453556","97.12983085"
297,"ユニフォーム","1",459,462,"吉川和孝ICO","94.35310907","94.51262576","97.75170083","94.00453556","97.70386468"
