No.,服装,服装順.ID,攻撃力,守備力,DispName,Q_RZS.AttackVal,Q_RZS.ServeVal,Q_RZS.TossVal,Q_RZS.ReceiveVal,Q_RZS.BlockVal
256,"ユニフォーム","1",480,475,"千鹿谷栄吉ICO","103.679035","100.4817784","100","97.00226778","103.679035"
257,"ユニフォーム","1",479,469,"小鹿野大樹ICO","102.45269","99.5182216","103.2375508","98.50113389","98.773655"
258,"ユニフォーム","1",457,470,"赤谷勇ICO","95.09462","95.18221607","102.1583672","104.4965983","94.4814475"
259,"ユニフォーム","1",466,467,"児玉勝ICO","97.54731","96.14577286","96.7624492","99.25056694","96.9341375"
260,"ユニフォーム","1",471,464,"名栗翔太ICO","95.09462","96.62755125","105.395918","98.50113389","95.7077925"
261,"ユニフォーム","1",463,461,"島府典明ICO","96.320965","93.2551025","102.1583672","94.75396861","96.9341375"
262,"ユニフォーム","1",459,462,"吉川和孝ICO","95.09462","94.21865929","97.8416328","94.75396861","97.54731"
