No.,服装,服装順.ID,攻撃力,守備力,DispName,Q_RZS.AttackVal,Q_RZS.ServeVal,Q_RZS.TossVal,Q_RZS.ReceiveVal,Q_RZS.BlockVal
266,"ユニフォーム","1",480,475,"千鹿谷栄吉ICO","103.679035","100.4496598","100","97.00226778","103.679035"
267,"ユニフォーム","1",479,469,"小鹿野大樹ICO","102.45269","99.5503402","103.3724488","98.50113389","98.773655"
268,"ユニフォーム","1",457,470,"赤谷勇ICO","95.09462","95.50340167","102.2482992","104.4965983","94.4814475"
269,"ユニフォーム","1",466,467,"児玉勝ICO","97.54731","96.40272133","96.62755125","99.25056694","96.9341375"
270,"ユニフォーム","1",471,464,"名栗翔太ICO","95.09462","96.85238117","105.6207479","98.50113389","95.7077925"
271,"ユニフォーム","1",463,461,"島府典明ICO","96.320965","93.70476233","102.2482992","94.75396861","96.9341375"
272,"ユニフォーム","1",459,462,"吉川和孝ICO","95.09462","94.604082","97.75170083","94.75396861","97.54731"
