No.,服装,服装順.ID,攻撃力,守備力,DispName,Q_RZS.AttackVal,Q_RZS.ServeVal,Q_RZS.TossVal,Q_RZS.ReceiveVal,Q_RZS.BlockVal
300,"ユニフォーム","1",480,475,"千鹿谷栄吉ICO","103.0658625","100","100","96.25283472","103.3724488"
301,"ユニフォーム","1",479,469,"小鹿野大樹ICO","101.8395175","99.06966931","103.3724488","97.75170083","98.87585042"
302,"ユニフォーム","1",457,470,"赤谷勇ICO","94.4814475","94.88318121","102.2482992","103.7471653","94.94132688"
303,"ユニフォーム","1",466,467,"児玉勝ICO","96.9341375","95.8135119","96.62755125","98.50113389","97.18962604"
304,"ユニフォーム","1",471,464,"名栗翔太ICO","94.4814475","96.27867724","105.6207479","97.75170083","96.06547646"
305,"ユニフォーム","1",463,461,"島府典明ICO","95.7077925","93.02251983","102.2482992","94.00453556","97.18962604"
306,"ユニフォーム","1",459,462,"吉川和孝ICO","94.4814475","93.95285052","97.75170083","94.00453556","97.75170083"
