No.,服装,服装順.ID,攻撃力,守備力,DispName,Q_RZS.AttackVal,Q_RZS.ServeVal,Q_RZS.TossVal,Q_RZS.ReceiveVal,Q_RZS.BlockVal
281,"ユニフォーム","1",480,475,"千鹿谷栄吉ICO","103.2901939","100.4496598","100","96.25283472","103.679035"
282,"ユニフォーム","1",479,469,"小鹿野大樹ICO","101.9741163","99.5503402","103.3724488","97.75170083","98.773655"
283,"ユニフォーム","1",457,470,"赤谷勇ICO","94.07765098","95.50340167","102.2482992","103.7471653","94.4814475"
284,"ユニフォーム","1",466,467,"児玉勝ICO","96.7098061","96.40272133","96.62755125","98.50113389","96.9341375"
285,"ユニフォーム","1",471,464,"名栗翔太ICO","94.07765098","96.85238117","105.6207479","97.75170083","95.7077925"
286,"ユニフォーム","1",463,461,"島府典明ICO","95.39372854","93.70476233","102.2482992","94.00453556","96.9341375"
287,"ユニフォーム","1",459,462,"吉川和孝ICO","94.07765098","94.604082","97.75170083","94.00453556","97.54731"
