No.,服装,服装順.ID,攻撃力,守備力,DispName,Q_RZS.AttackVal,Q_RZS.ServeVal,Q_RZS.TossVal,Q_RZS.ReceiveVal,Q_RZS.BlockVal
282,"ユニフォーム","1",480,475,"千鹿谷栄吉ICO","103.3724488","100.4496598","100","96.25283472","103.679035"
283,"ユニフォーム","1",479,469,"小鹿野大樹ICO","102.0234693","99.5503402","103.3724488","97.75170083","98.773655"
284,"ユニフォーム","1",457,470,"赤谷勇ICO","93.92959225","95.50340167","102.2482992","103.7471653","94.4814475"
285,"ユニフォーム","1",466,467,"児玉勝ICO","96.62755125","96.40272133","96.62755125","98.50113389","96.9341375"
286,"ユニフォーム","1",471,464,"名栗翔太ICO","93.92959225","96.85238117","105.6207479","97.75170083","95.7077925"
287,"ユニフォーム","1",463,461,"島府典明ICO","95.27857175","93.70476233","102.2482992","94.00453556","96.9341375"
288,"ユニフォーム","1",459,462,"吉川和孝ICO","93.92959225","94.604082","97.75170083","94.00453556","97.54731"
