No.,服装,服装順.ID,攻撃力,守備力,DispName,Q_RZS.AttackVal,Q_RZS.ServeVal,Q_RZS.TossVal,Q_RZS.ReceiveVal,Q_RZS.BlockVal
273,"ユニフォーム","1",480,475,"千鹿谷栄吉ICO","103.3724488","100.4496598","100","97.08328757","103.5972787"
274,"ユニフォーム","1",479,469,"小鹿野大樹ICO","102.1461038","99.5503402","103.3724488","98.54164378","98.80090711"
275,"ユニフォーム","1",457,470,"赤谷勇ICO","94.78803375","95.50340167","102.2482992","104.3750686","94.604082"
276,"ユニフォーム","1",466,467,"児玉勝ICO","97.24072375","96.40272133","96.62755125","99.27082189","97.00226778"
277,"ユニフォーム","1",471,464,"名栗翔太ICO","94.78803375","96.85238117","105.6207479","98.54164378","95.80317489"
278,"ユニフォーム","1",463,461,"島府典明ICO","96.01437875","93.70476233","102.2482992","94.89575324","97.00226778"
279,"ユニフォーム","1",459,462,"吉川和孝ICO","94.78803375","94.604082","97.75170083","94.89575324","97.60181422"
