No.,服装,服装順.ID,攻撃力,守備力,DispName,Q_RZS.AttackVal,Q_RZS.ServeVal,Q_RZS.TossVal,Q_RZS.ReceiveVal,Q_RZS.BlockVal
280,"ユニフォーム","1",480,475,"千鹿谷栄吉ICO","103.1371616","100.4496598","100","96.14577286","103.679035"
281,"ユニフォーム","1",479,469,"小鹿野大樹ICO","101.882297","99.5503402","103.3724488","97.68746371","98.773655"
282,"ユニフォーム","1",457,470,"赤谷勇ICO","94.35310907","95.50340167","102.2482992","103.8542271","94.4814475"
283,"ユニフォーム","1",466,467,"児玉勝ICO","96.86283837","96.40272133","96.62755125","98.45830914","96.9341375"
284,"ユニフォーム","1",471,464,"名栗翔太ICO","94.35310907","96.85238117","105.6207479","97.68746371","95.7077925"
285,"ユニフォーム","1",463,461,"島府典明ICO","95.60797372","93.70476233","102.2482992","93.83323657","96.9341375"
286,"ユニフォーム","1",459,462,"吉川和孝ICO","94.35310907","94.604082","97.75170083","93.83323657","97.54731"
