No.,服装,服装順.ID,攻撃力,守備力,DispName,Q_RZS.AttackVal,Q_RZS.ServeVal,Q_RZS.TossVal,Q_RZS.ReceiveVal,Q_RZS.BlockVal
275,"ユニフォーム","1",480,475,"千鹿谷栄吉ICO","103.0658625","100.4496598","100","97.00226778","103.679035"
276,"ユニフォーム","1",479,469,"小鹿野大樹ICO","101.8395175","99.5503402","103.3724488","98.50113389","98.773655"
277,"ユニフォーム","1",457,470,"赤谷勇ICO","94.4814475","95.50340167","102.2482992","104.4965983","94.4814475"
278,"ユニフォーム","1",466,467,"児玉勝ICO","96.9341375","96.40272133","96.62755125","99.25056694","96.9341375"
279,"ユニフォーム","1",471,464,"名栗翔太ICO","94.4814475","96.85238117","105.6207479","98.50113389","95.7077925"
280,"ユニフォーム","1",463,461,"島府典明ICO","95.7077925","93.70476233","102.2482992","94.75396861","96.9341375"
281,"ユニフォーム","1",459,462,"吉川和孝ICO","94.4814475","94.604082","97.75170083","94.75396861","97.54731"
