No.,服装,服装順.ID,攻撃力,守備力,DispName,Q_RZS.AttackVal,Q_RZS.ServeVal,Q_RZS.TossVal,Q_RZS.ReceiveVal,Q_RZS.BlockVal
370,"ユニフォーム","1",481,463,"姫川葵ICO","98.773655","104.3360055","100","97.75170083","95.50340167"
371,"花火","21",489,469,"花火姫川葵ICO","100.6131725","106.2631191","101.1241496","99.25056694","97.75170083"
372,"ユニフォーム","1",457,469,"当間義友ICO","93.868275","94.21865929","96.62755125","94.75396861","101.1241496"
373,"ユニフォーム","1",489,468,"越後栄ICO","98.773655","103.3724488","111.2414958","99.25056694","97.18962604"
374,"ユニフォーム","1",456,473,"貝掛亮文ICO","95.7077925","96.14577286","96.62755125","105.2460314","95.50340167"
375,"ユニフォーム","1",469,471,"丸山一喜ICO","100","98.55466482","97.75170083","97.75170083","100"
376,"ユニフォーム","1",464,470,"舞子侑志ICO","97.54731","94.70043768","96.62755125","98.50113389","98.87585042"
377,"ユニフォーム","1",474,465,"寺泊基希ICO","101.8395175","96.14577286","96.62755125","94.75396861","98.87585042"
