No.,服装,服装順.ID,攻撃力,守備力,DispName,Q_RZS.AttackVal,Q_RZS.ServeVal,Q_RZS.TossVal,Q_RZS.ReceiveVal,Q_RZS.BlockVal
342,"ユニフォーム","1",481,463,"姫川葵ICO","99.08024125","104.0469385","100","98.12641736","95.09462"
343,"花火","2",489,469,"花火姫川葵ICO","100.9197588","105.8455778","101.1241496","99.6252835","97.54731"
344,"ユニフォーム","1",457,469,"当間義友ICO","94.17486125","94.604082","96.62755125","95.12868514","101.226345"
345,"ユニフォーム","1",489,468,"越後栄ICO","99.08024125","103.1476188","111.2414958","99.6252835","96.9341375"
346,"ユニフォーム","1",456,473,"貝掛亮文ICO","96.01437875","96.40272133","96.62755125","105.6207479","95.09462"
347,"ユニフォーム","1",469,471,"丸山一喜ICO","100.3065863","98.6510205","97.75170083","98.12641736","100"
348,"ユニフォーム","1",464,470,"舞子侑志ICO","97.85389625","95.05374183","96.62755125","98.87585042","98.773655"
349,"ユニフォーム","1",474,465,"寺泊基希ICO","102.1461038","96.40272133","96.62755125","95.12868514","98.773655"
