No.,服装,服装順.ID,攻撃力,守備力,DispName,Q_RZS.AttackVal,Q_RZS.ServeVal,Q_RZS.TossVal,Q_RZS.ReceiveVal,Q_RZS.BlockVal
315,"ユニフォーム","1",481,463,"姫川葵ICO","99.3868275","104.3360055","100","98.50113389","95.09462"
316,"花火","2",489,469,"花火姫川葵ICO","101.226345","106.2631191","100.9992441","100","97.54731"
317,"ユニフォーム","1",457,469,"当間義友ICO","94.4814475","94.21865929","97.00226778","95.50340167","101.226345"
318,"ユニフォーム","1",489,468,"越後栄ICO","99.3868275","103.3724488","109.9924407","100","96.9341375"
319,"ユニフォーム","1",456,473,"貝掛亮文ICO","96.320965","96.14577286","97.00226778","105.9954644","95.09462"
320,"ユニフォーム","1",469,471,"丸山一喜ICO","100.6131725","98.55466482","98.00151185","98.50113389","100"
321,"ユニフォーム","1",464,470,"舞子侑志ICO","98.1604825","94.70043768","97.00226778","99.25056694","98.773655"
322,"ユニフォーム","1",474,465,"寺泊基希ICO","102.45269","96.14577286","97.00226778","95.50340167","98.773655"
