No.,服装,服装順.ID,攻撃力,守備力,DispName,Q_RZS.AttackVal,Q_RZS.ServeVal,Q_RZS.TossVal,Q_RZS.ReceiveVal,Q_RZS.BlockVal
353,"ユニフォーム","1",481,463,"姫川葵ICO","98.6510205","104.0469385","100","97.61944794","95.09462"
354,"花火","2",489,469,"花火姫川葵ICO","100.6744898","105.8455778","101.1241496","99.20648265","97.54731"
355,"ユニフォーム","1",457,469,"当間義友ICO","93.2551025","94.604082","96.62755125","94.44537853","101.226345"
356,"ユニフォーム","1",489,468,"越後栄ICO","98.6510205","103.1476188","111.2414958","99.20648265","96.9341375"
357,"ユニフォーム","1",456,473,"貝掛亮文ICO","95.27857175","96.40272133","96.62755125","105.5546215","95.09462"
358,"ユニフォーム","1",469,471,"丸山一喜ICO","100","98.6510205","97.75170083","97.61944794","100"
359,"ユニフォーム","1",464,470,"舞子侑志ICO","97.302041","95.05374183","96.62755125","98.41296529","98.773655"
360,"ユニフォーム","1",474,465,"寺泊基希ICO","102.0234693","96.40272133","96.62755125","94.44537853","98.773655"
