No.,服装,服装順.ID,攻撃力,守備力,DispName,Q_RZS.AttackVal,Q_RZS.ServeVal,Q_RZS.TossVal,Q_RZS.ReceiveVal,Q_RZS.BlockVal
380,"ユニフォーム","1",481,463,"姫川葵ICO","98.773655","103.7213228","100","97.75170083","95.50340167"
381,"花火","21",489,469,"花火姫川葵ICO","100.6131725","105.5819841","101.1241496","99.25056694","97.75170083"
382,"ユニフォーム","1",457,469,"当間義友ICO","93.868275","93.95285052","96.62755125","94.75396861","101.1241496"
383,"ユニフォーム","1",489,468,"越後栄ICO","98.773655","102.7909921","111.2414958","99.25056694","97.18962604"
384,"ユニフォーム","1",456,473,"貝掛亮文ICO","95.7077925","95.8135119","96.62755125","105.2460314","95.50340167"
385,"ユニフォーム","1",469,471,"丸山一喜ICO","100","98.13933862","97.75170083","97.75170083","100"
386,"ユニフォーム","1",464,470,"舞子侑志ICO","97.54731","94.41801586","96.62755125","98.50113389","98.87585042"
387,"ユニフォーム","1",474,465,"寺泊基希ICO","101.8395175","95.8135119","96.62755125","94.75396861","98.87585042"
