No.,服装,服装順.ID,攻撃力,守備力,DispName,Q_RZS.AttackVal,Q_RZS.ServeVal,Q_RZS.TossVal,Q_RZS.ReceiveVal,Q_RZS.BlockVal
333,"ユニフォーム","1",481,463,"姫川葵ICO","99.3868275","104.0469385","100","98.50113389","95.09462"
334,"花火","2",489,469,"花火姫川葵ICO","101.226345","105.8455778","101.0791836","100","97.54731"
335,"ユニフォーム","1",457,469,"当間義友ICO","94.4814475","94.604082","96.7624492","95.50340167","101.226345"
336,"ユニフォーム","1",489,468,"越後栄ICO","99.3868275","103.1476188","110.791836","100","96.9341375"
337,"ユニフォーム","1",456,473,"貝掛亮文ICO","96.320965","96.40272133","96.7624492","105.9954644","95.09462"
338,"ユニフォーム","1",469,471,"丸山一喜ICO","100.6131725","98.6510205","97.8416328","98.50113389","100"
339,"ユニフォーム","1",464,470,"舞子侑志ICO","98.1604825","95.05374183","96.7624492","99.25056694","98.773655"
340,"ユニフォーム","1",474,465,"寺泊基希ICO","102.45269","96.40272133","96.7624492","95.50340167","98.773655"
