No.,服装,服装順.ID,攻撃力,守備力,DispName,Q_RZS.AttackVal,Q_RZS.ServeVal,Q_RZS.TossVal,Q_RZS.ReceiveVal,Q_RZS.BlockVal
369,"ユニフォーム","1",481,463,"姫川葵ICO","98.773655","104.2599353","100","97.75170083","95.50340167"
370,"花火","21",489,469,"花火姫川葵ICO","100.6131725","106.1532398","101.1241496","99.25056694","97.75170083"
371,"ユニフォーム","1",457,469,"当間義友ICO","93.868275","94.32008632","96.62755125","94.75396861","101.1241496"
372,"ユニフォーム","1",489,468,"越後栄ICO","98.773655","103.313283","111.2414958","99.25056694","97.18962604"
373,"ユニフォーム","1",456,473,"貝掛亮文ICO","95.7077925","96.21339088","96.62755125","105.2460314","95.50340167"
374,"ユニフォーム","1",469,471,"丸山一喜ICO","100","98.58002158","97.75170083","97.75170083","100"
375,"ユニフォーム","1",464,470,"舞子侑志ICO","97.54731","94.79341246","96.62755125","98.50113389","98.87585042"
376,"ユニフォーム","1",474,465,"寺泊基希ICO","101.8395175","96.21339088","96.62755125","94.75396861","98.87585042"
