No.,服装,服装順.ID,攻撃力,守備力,DispName,Q_RZS.AttackVal,Q_RZS.ServeVal,Q_RZS.TossVal,Q_RZS.ReceiveVal,Q_RZS.BlockVal
341,"ユニフォーム","1",481,463,"姫川葵ICO","99.08024125","104.0469385","100","98.54164378","95.20362844"
342,"花火","2",489,469,"花火姫川葵ICO","100.9197588","105.8455778","101.1241496","100","97.60181422"
343,"ユニフォーム","1",457,469,"当間義友ICO","94.17486125","94.604082","96.62755125","95.62493135","101.1990929"
344,"ユニフォーム","1",489,468,"越後栄ICO","99.08024125","103.1476188","111.2414958","100","97.00226778"
345,"ユニフォーム","1",456,473,"貝掛亮文ICO","96.01437875","96.40272133","96.62755125","105.8334249","95.20362844"
346,"ユニフォーム","1",469,471,"丸山一喜ICO","100.3065863","98.6510205","97.75170083","98.54164378","100"
347,"ユニフォーム","1",464,470,"舞子侑志ICO","97.85389625","95.05374183","96.62755125","99.27082189","98.80090711"
348,"ユニフォーム","1",474,465,"寺泊基希ICO","102.1461038","96.40272133","96.62755125","95.62493135","98.80090711"
