No.,服装,服装順.ID,攻撃力,守備力,DispName,Q_RZS.AttackVal,Q_RZS.ServeVal,Q_RZS.TossVal,Q_RZS.ReceiveVal,Q_RZS.BlockVal
343,"ユニフォーム","1",481,463,"姫川葵ICO","98.773655","104.0469385","100","98.50113389","95.09462"
344,"花火","2",489,469,"花火姫川葵ICO","100.6131725","105.8455778","101.1241496","100","97.54731"
345,"ユニフォーム","1",457,469,"当間義友ICO","93.868275","94.604082","96.62755125","95.50340167","101.226345"
346,"ユニフォーム","1",489,468,"越後栄ICO","98.773655","103.1476188","111.2414958","100","96.9341375"
347,"ユニフォーム","1",456,473,"貝掛亮文ICO","95.7077925","96.40272133","96.62755125","105.9954644","95.09462"
348,"ユニフォーム","1",469,471,"丸山一喜ICO","100","98.6510205","97.75170083","98.50113389","100"
349,"ユニフォーム","1",464,470,"舞子侑志ICO","97.54731","95.05374183","96.62755125","99.25056694","98.773655"
350,"ユニフォーム","1",474,465,"寺泊基希ICO","101.8395175","96.40272133","96.62755125","95.50340167","98.773655"
