No.,服装,服装順.ID,攻撃力,守備力,DispName,Q_RZS.AttackVal,Q_RZS.ServeVal,Q_RZS.TossVal,Q_RZS.ReceiveVal,Q_RZS.BlockVal
345,"ユニフォーム","1",481,463,"姫川葵ICO","98.74513535","104.0469385","100","98.12641736","95.09462"
346,"花火","2",489,469,"花火姫川葵ICO","100.6274323","105.8455778","101.1241496","99.6252835","97.54731"
347,"ユニフォーム","1",457,469,"当間義友ICO","93.72567674","94.604082","96.62755125","95.12868514","101.226345"
348,"ユニフォーム","1",489,468,"越後栄ICO","98.74513535","103.1476188","111.2414958","99.6252835","96.9341375"
349,"ユニフォーム","1",456,473,"貝掛亮文ICO","95.60797372","96.40272133","96.62755125","105.6207479","95.09462"
350,"ユニフォーム","1",469,471,"丸山一喜ICO","100","98.6510205","97.75170083","98.12641736","100"
351,"ユニフォーム","1",464,470,"舞子侑志ICO","97.4902707","95.05374183","96.62755125","98.87585042","98.773655"
352,"ユニフォーム","1",474,465,"寺泊基希ICO","101.882297","96.40272133","96.62755125","95.12868514","98.773655"
