No.,服装,服装順.ID,攻撃力,守備力,DispName,Q_RZS.AttackVal,Q_RZS.ServeVal,Q_RZS.TossVal,Q_RZS.ReceiveVal,Q_RZS.BlockVal
337,"ユニフォーム","1",481,463,"姫川葵ICO","99.3868275","104.0469385","100","98.50113389","94.73568976"
338,"花火","2",489,469,"花火姫川葵ICO","101.226345","105.8455778","101.1241496","100","97.36784488"
339,"ユニフォーム","1",457,469,"当間義友ICO","94.4814475","94.604082","96.62755125","95.50340167","101.3160776"
340,"ユニフォーム","1",489,468,"越後栄ICO","99.3868275","103.1476188","111.2414958","100","96.7098061"
341,"ユニフォーム","1",456,473,"貝掛亮文ICO","96.320965","96.40272133","96.62755125","105.9954644","94.73568976"
342,"ユニフォーム","1",469,471,"丸山一喜ICO","100.6131725","98.6510205","97.75170083","98.50113389","100"
343,"ユニフォーム","1",464,470,"舞子侑志ICO","98.1604825","95.05374183","96.62755125","99.25056694","98.68392244"
344,"ユニフォーム","1",474,465,"寺泊基希ICO","102.45269","96.40272133","96.62755125","95.50340167","98.68392244"
