No.,服装,服装順.ID,攻撃力,守備力,DispName,Q_RZS.AttackVal,Q_RZS.ServeVal,Q_RZS.TossVal,Q_RZS.ReceiveVal,Q_RZS.BlockVal
364,"ユニフォーム","1",481,463,"姫川葵ICO","98.6510205","104.1155307","100","97.75170083","95.09462"
365,"花火","2",489,469,"花火姫川葵ICO","100.6744898","105.9446554","101.1241496","99.25056694","97.54731"
366,"ユニフォーム","1",457,469,"当間義友ICO","93.2551025","94.51262576","96.62755125","94.75396861","101.226345"
367,"ユニフォーム","1",489,468,"越後栄ICO","98.6510205","103.2009683","111.2414958","99.25056694","96.9341375"
368,"ユニフォーム","1",456,473,"貝掛亮文ICO","95.27857175","96.34175051","96.62755125","105.2460314","95.09462"
369,"ユニフォーム","1",469,471,"丸山一喜ICO","100","98.62815644","97.75170083","97.75170083","100"
370,"ユニフォーム","1",464,470,"舞子侑志ICO","97.302041","94.96990695","96.62755125","98.50113389","98.773655"
371,"ユニフォーム","1",474,465,"寺泊基希ICO","102.0234693","96.34175051","96.62755125","94.75396861","98.773655"
