No.,服装,服装順.ID,攻撃力,守備力,DispName,Q_RZS.AttackVal,Q_RZS.ServeVal,Q_RZS.TossVal,Q_RZS.ReceiveVal,Q_RZS.BlockVal
350,"ユニフォーム","1",481,463,"姫川葵ICO","98.68392244","104.0469385","100","97.75170083","95.09462"
351,"花火","2",489,469,"花火姫川葵ICO","100.6580388","105.8455778","101.1241496","99.25056694","97.54731"
352,"ユニフォーム","1",457,469,"当間義友ICO","93.4196122","94.604082","96.62755125","94.75396861","101.226345"
353,"ユニフォーム","1",489,468,"越後栄ICO","98.68392244","103.1476188","111.2414958","99.25056694","96.9341375"
354,"ユニフォーム","1",456,473,"貝掛亮文ICO","95.39372854","96.40272133","96.62755125","105.2460314","95.09462"
355,"ユニフォーム","1",469,471,"丸山一喜ICO","100","98.6510205","97.75170083","97.75170083","100"
356,"ユニフォーム","1",464,470,"舞子侑志ICO","97.36784488","95.05374183","96.62755125","98.50113389","98.773655"
357,"ユニフォーム","1",474,465,"寺泊基希ICO","101.9741163","96.40272133","96.62755125","94.75396861","98.773655"
