No.,服装,服装順.ID,攻撃力,守備力,DispName,Q_RZS.AttackVal,Q_RZS.ServeVal,Q_RZS.TossVal,Q_RZS.ReceiveVal,Q_RZS.BlockVal
332,"ユニフォーム","1",481,463,"姫川葵ICO","99.3868275","104.1864881","100","98.50113389","95.09462"
333,"花火","2",489,469,"花火姫川葵ICO","101.226345","106.0471495","101.0376765","100","97.54731"
334,"ユニフォーム","1",457,469,"当間義友ICO","94.4814475","94.41801586","96.88697038","95.50340167","101.226345"
335,"ユニフォーム","1",489,468,"越後栄ICO","99.3868275","103.2561574","110.3767654","100","96.9341375"
336,"ユニフォーム","1",456,473,"貝掛亮文ICO","96.320965","96.27867724","96.88697038","105.9954644","95.09462"
337,"ユニフォーム","1",469,471,"丸山一喜ICO","100.6131725","98.60450397","97.92464692","98.50113389","100"
338,"ユニフォーム","1",464,470,"舞子侑志ICO","98.1604825","94.88318121","96.88697038","99.25056694","98.773655"
339,"ユニフォーム","1",474,465,"寺泊基希ICO","102.45269","96.27867724","96.88697038","95.50340167","98.773655"
