No.,服装,服装順.ID,攻撃力,守備力,DispName,Q_RZS.AttackVal,Q_RZS.ServeVal,Q_RZS.TossVal,Q_RZS.ReceiveVal,Q_RZS.BlockVal
279,"ユニフォーム","1",479,476,"強羅昌己ICO","99.34196122","102.3666307","101.1241496","100","101.226345"
280,"ユニフォーム","1",473,462,"芦谷洋平ICO","99.34196122","98.10669544","104.4965983","94.75396861","96.9341375"
281,"ユニフォーム","1",468,465,"仙石伸吾ICO","96.05176732","97.6333693","96.62755125","94.75396861","98.773655"
282,"ユニフォーム","1",457,470,"中川俊美ICO","94.07765098","96.21339088","100","102.9977322","95.09462"
283,"ユニフォーム","1",467,458,"七沢健吾ICO","92.10353463","96.68671702","104.4965983","94.00453556","95.09462"
284,"ユニフォーム","1",460,465,"伊勢原裕次ICO","95.39372854","94.32008632","96.62755125","94.75396861","98.773655"
285,"ユニフォーム","1",475,473,"湯河浩二ICO","100","100","101.1241496","97.75170083","101.226345"
