No.,服装,服装順.ID,攻撃力,守備力,DispName,Q_RZS.AttackVal,Q_RZS.ServeVal,Q_RZS.TossVal,Q_RZS.ReceiveVal,Q_RZS.BlockVal
270,"ユニフォーム","1",479,476,"強羅昌己ICO","99.3868275","102.2482992","101.1241496","100.7494331","101.226345"
271,"ユニフォーム","1",473,462,"芦谷洋平ICO","99.3868275","98.20136067","104.4965983","95.50340167","96.9341375"
272,"ユニフォーム","1",468,465,"仙石伸吾ICO","96.320965","97.75170083","96.62755125","95.50340167","98.773655"
273,"ユニフォーム","1",457,470,"中川俊美ICO","94.4814475","96.40272133","100","103.7471653","95.09462"
274,"ユニフォーム","1",467,458,"七沢健吾ICO","92.64193","96.85238117","104.4965983","94.75396861","95.09462"
275,"ユニフォーム","1",460,465,"伊勢原裕次ICO","95.7077925","94.604082","96.62755125","95.50340167","98.773655"
276,"ユニフォーム","1",475,473,"湯河浩二ICO","100","100","101.1241496","98.50113389","101.226345"
