No.,服装,服装順.ID,攻撃力,守備力,DispName,Q_RZS.AttackVal,Q_RZS.ServeVal,Q_RZS.TossVal,Q_RZS.ReceiveVal,Q_RZS.BlockVal
253,"ユニフォーム","1",479,476,"強羅昌己ICO","100","102.408892","100.9635568","100.7494331","101.226345"
254,"ユニフォーム","1",473,462,"芦谷洋平ICO","100","98.07288643","103.8542271","95.50340167","96.9341375"
255,"ユニフォーム","1",468,465,"仙石伸吾ICO","96.9341375","97.59110804","97.10932964","95.50340167","98.773655"
256,"ユニフォーム","1",457,470,"中川俊美ICO","95.09462","96.14577286","100","103.7471653","95.09462"
257,"ユニフォーム","1",467,458,"七沢健吾ICO","93.2551025","96.62755125","103.8542271","94.75396861","95.09462"
258,"ユニフォーム","1",460,465,"伊勢原裕次ICO","96.320965","94.21865929","97.10932964","95.50340167","98.773655"
259,"ユニフォーム","1",475,473,"湯河浩二ICO","100.6131725","100","100.9635568","98.50113389","101.226345"
