No.,服装,服装順.ID,攻撃力,守備力,DispName,Q_RZS.AttackVal,Q_RZS.ServeVal,Q_RZS.TossVal,Q_RZS.ReceiveVal,Q_RZS.BlockVal
274,"ユニフォーム","1",479,476,"強羅昌己ICO","99.35762881","102.2482992","101.1241496","100","101.226345"
275,"ユニフォーム","1",473,462,"芦谷洋平ICO","99.35762881","98.20136067","104.4965983","94.75396861","96.9341375"
276,"ユニフォーム","1",468,465,"仙石伸吾ICO","96.14577286","97.75170083","96.62755125","94.75396861","98.773655"
277,"ユニフォーム","1",457,470,"中川俊美ICO","94.21865929","96.40272133","100","102.9977322","95.09462"
278,"ユニフォーム","1",467,458,"七沢健吾ICO","92.29154571","96.85238117","104.4965983","94.00453556","95.09462"
279,"ユニフォーム","1",460,465,"伊勢原裕次ICO","95.50340167","94.604082","96.62755125","94.75396861","98.773655"
280,"ユニフォーム","1",475,473,"湯河浩二ICO","100","100","101.1241496","97.75170083","101.226345"
