No.,服装,服装順.ID,攻撃力,守備力,DispName,Q_RZS.AttackVal,Q_RZS.ServeVal,Q_RZS.TossVal,Q_RZS.ReceiveVal,Q_RZS.BlockVal
285,"ユニフォーム","1",479,476,"強羅昌己ICO","99.3868275","102.3258267","101.1241496","100","101.1730257"
286,"ユニフォーム","1",473,462,"芦谷洋平ICO","99.3868275","98.13933862","104.4965983","94.75396861","97.06743587"
287,"ユニフォーム","1",468,465,"仙石伸吾ICO","96.320965","97.67417328","96.62755125","94.75396861","98.82697435"
288,"ユニフォーム","1",457,470,"中川俊美ICO","94.4814475","96.27867724","100","102.9977322","95.30789739"
289,"ユニフォーム","1",467,458,"七沢健吾ICO","92.64193","96.74384259","104.4965983","94.00453556","95.30789739"
290,"ユニフォーム","1",460,465,"伊勢原裕次ICO","95.7077925","94.41801586","96.62755125","94.75396861","98.82697435"
291,"ユニフォーム","1",475,473,"湯河浩二ICO","100","100","101.1241496","97.75170083","101.1730257"
