No.,服装,服装順.ID,攻撃力,守備力,DispName,Q_RZS.AttackVal,Q_RZS.ServeVal,Q_RZS.TossVal,Q_RZS.ReceiveVal,Q_RZS.BlockVal
284,"ユニフォーム","1",479,476,"強羅昌己ICO","99.37256767","102.2864059","101.1241496","100","101.1480677"
285,"ユニフォーム","1",473,462,"芦谷洋平ICO","99.37256767","98.17087525","104.4965983","94.75396861","97.12983085"
286,"ユニフォーム","1",468,465,"仙石伸吾ICO","96.23540605","97.71359407","96.62755125","94.75396861","98.85193234"
287,"ユニフォーム","1",457,470,"中川俊美ICO","94.35310907","96.34175051","100","102.9977322","95.40772936"
288,"ユニフォーム","1",467,458,"七沢健吾ICO","92.47081209","96.79903169","104.4965983","94.00453556","95.40772936"
289,"ユニフォーム","1",460,465,"伊勢原裕次ICO","95.60797372","94.51262576","96.62755125","94.75396861","98.85193234"
290,"ユニフォーム","1",475,473,"湯河浩二ICO","100","100","101.1241496","97.75170083","101.1480677"
