No.,服装,服装順.ID,攻撃力,守備力,DispName,Q_RZS.AttackVal,Q_RZS.ServeVal,Q_RZS.TossVal,Q_RZS.ReceiveVal,Q_RZS.BlockVal
288,"ユニフォーム","1",479,476,"強羅昌己ICO","99.3868275","102.1680028","101.1241496","100","101.1241496"
289,"ユニフォーム","1",473,462,"芦谷洋平ICO","99.3868275","97.83199723","104.4965983","94.75396861","97.18962604"
290,"ユニフォーム","1",468,465,"仙石伸吾ICO","96.320965","97.35021884","96.62755125","94.75396861","98.87585042"
291,"ユニフォーム","1",457,470,"中川俊美ICO","94.4814475","95.90488366","100","102.9977322","95.50340167"
292,"ユニフォーム","1",467,458,"七沢健吾ICO","92.64193","96.38666205","104.4965983","94.00453556","95.50340167"
293,"ユニフォーム","1",460,465,"伊勢原裕次ICO","95.7077925","93.97777009","96.62755125","94.75396861","98.87585042"
294,"ユニフォーム","1",475,473,"湯河浩二ICO","100","99.7591108","101.1241496","97.75170083","101.1241496"
