No.,服装,服装順.ID,攻撃力,守備力,DispName,Q_RZS.AttackVal,Q_RZS.ServeVal,Q_RZS.TossVal,Q_RZS.ReceiveVal,Q_RZS.BlockVal
198,"ユニフォーム","1",484,472,"古牧譲ICO","100.9197588","100.8993197","107.8690471","100","99.40045356"
199,"雪遊び","2",494,476,"雪遊び古牧譲ICO","101.5329313","103.5972787","111.2414958","101.4583562","100.5995464"
200,"ユニフォーム","1",465,466,"浅虫快人ICO","96.62755125","95.50340167","98.87585042","97.08328757","98.20136067"
201,"ユニフォーム","1",457,470,"南田大志ICO","95.40120625","96.40272133","98.87585042","104.3750686","94.604082"
202,"ユニフォーム","1",464,467,"湯川良明ICO","95.40120625","96.85238117","96.62755125","96.35410946","99.40045356"
203,"ユニフォーム","1",468,461,"稲垣功ICO","97.85389625","95.9530615","98.87585042","95.62493135","96.40272133"
204,"ユニフォーム","1",462,468,"馬門英治ICO","94.78803375","96.40272133","96.62755125","96.35410946","100"
205,"ユニフォーム","1",469,463,"百沢雄大ICO","97.24072375","96.40272133","100","96.35410946","97.00226778"
206,"職業体験","2",477,469,"職業体験百沢雄大ICO","99.08024125","98.20136067","101.1241496","97.81246568","99.40045356"
