No.,服装,服装順.ID,攻撃力,守備力,DispName,Q_RZS.AttackVal,Q_RZS.ServeVal,Q_RZS.TossVal,Q_RZS.ReceiveVal,Q_RZS.BlockVal
196,"ユニフォーム","1",484,472,"古牧譲ICO","101.226345","100.8993197","107.8690471","100","99.34196122"
197,"雪遊び","2",494,476,"雪遊び古牧譲ICO","101.8395175","103.5972787","111.2414958","101.4988661","100.6580388"
198,"ユニフォーム","1",465,466,"浅虫快人ICO","96.9341375","95.50340167","98.87585042","97.00226778","98.02588366"
199,"ユニフォーム","1",457,470,"南田大志ICO","95.7077925","96.40272133","98.87585042","104.4965983","94.07765098"
200,"ユニフォーム","1",464,467,"湯川良明ICO","95.7077925","96.85238117","96.62755125","96.25283472","99.34196122"
201,"ユニフォーム","1",468,461,"稲垣功ICO","98.1604825","95.9530615","98.87585042","95.50340167","96.05176732"
202,"ユニフォーム","1",462,468,"馬門英治ICO","95.09462","96.40272133","96.62755125","96.25283472","100"
203,"ユニフォーム","1",469,463,"百沢雄大ICO","97.54731","96.40272133","100","96.25283472","96.7098061"
204,"職業体験","2",477,469,"職業体験百沢雄大ICO","99.3868275","98.20136067","101.1241496","97.75170083","99.34196122"
