No.,服装,服装順.ID,攻撃力,守備力,DispName,Q_RZS.AttackVal,Q_RZS.ServeVal,Q_RZS.TossVal,Q_RZS.ReceiveVal,Q_RZS.BlockVal
216,"ユニフォーム","1",484,472,"古牧譲ICO","100.6131725","100.4817784","107.8690471","99.25056694","99.43792521"
217,"雪遊び","12",494,476,"雪遊び古牧譲ICO","101.226345","103.3724488","111.2414958","100.7494331","100.5620748"
218,"ユニフォーム","1",465,466,"浅虫快人ICO","96.320965","94.70043768","98.87585042","96.25283472","98.31377563"
219,"ユニフォーム","1",457,470,"南田大志ICO","95.09462","95.66399446","98.87585042","103.7471653","94.94132688"
220,"ユニフォーム","1",464,467,"湯川良明ICO","95.09462","96.14577286","96.62755125","95.50340167","99.43792521"
221,"ユニフォーム","1",468,461,"稲垣功ICO","97.54731","95.18221607","98.87585042","94.75396861","96.62755125"
222,"ユニフォーム","1",462,468,"馬門英治ICO","94.4814475","95.66399446","96.62755125","95.50340167","100"
223,"ユニフォーム","1",469,463,"百沢雄大ICO","96.9341375","95.66399446","100","95.50340167","97.18962604"
224,"職業体験","7",477,469,"職業体験百沢雄大ICO","98.773655","97.59110804","101.1241496","97.00226778","99.43792521"
