No.,服装,服装順.ID,攻撃力,守備力,DispName,Q_RZS.AttackVal,Q_RZS.ServeVal,Q_RZS.TossVal,Q_RZS.ReceiveVal,Q_RZS.BlockVal
188,"ユニフォーム","1",484,472,"古牧譲ICO","101.226345","100.9635568","107.8690471","100","99.3868275"
189,"雪遊び","2",494,476,"雪遊び古牧譲ICO","101.8395175","103.8542271","111.2414958","101.4988661","100.6131725"
190,"ユニフォーム","1",465,466,"浅虫快人ICO","96.9341375","95.18221607","98.87585042","97.00226778","98.1604825"
191,"ユニフォーム","1",457,470,"南田大志ICO","95.7077925","96.14577286","98.87585042","104.4965983","94.4814475"
192,"ユニフォーム","1",464,467,"湯川良明ICO","95.7077925","96.62755125","96.62755125","96.25283472","99.3868275"
193,"ユニフォーム","1",468,461,"稲垣功ICO","98.1604825","95.66399446","98.87585042","95.50340167","96.320965"
194,"ユニフォーム","1",462,468,"馬門英治ICO","95.09462","96.14577286","96.62755125","96.25283472","100"
195,"ユニフォーム","1",469,463,"百沢雄大ICO","97.54731","96.14577286","100","96.25283472","96.9341375"
196,"職業体験","2",477,469,"職業体験百沢雄大ICO","99.3868275","98.07288643","101.1241496","97.75170083","99.3868275"
