No.,服装,服装順.ID,攻撃力,守備力,DispName,Q_RZS.AttackVal,Q_RZS.ServeVal,Q_RZS.TossVal,Q_RZS.ReceiveVal,Q_RZS.BlockVal
204,"ユニフォーム","1",484,472,"古牧譲ICO","100.6274323","100.8993197","107.8690471","99.22915457","99.3868275"
205,"雪遊び","2",494,476,"雪遊び古牧譲ICO","101.2548647","103.5972787","111.2414958","100.7708454","100.6131725"
206,"ユニフォーム","1",465,466,"浅虫快人ICO","96.23540605","95.50340167","98.87585042","96.14577286","98.1604825"
207,"ユニフォーム","1",457,470,"南田大志ICO","94.9805414","96.40272133","98.87585042","103.8542271","94.4814475"
208,"ユニフォーム","1",464,467,"湯川良明ICO","94.9805414","96.85238117","96.62755125","95.37492743","99.3868275"
209,"ユニフォーム","1",468,461,"稲垣功ICO","97.4902707","95.9530615","98.87585042","94.604082","96.320965"
210,"ユニフォーム","1",462,468,"馬門英治ICO","94.35310907","96.40272133","96.62755125","95.37492743","100"
211,"ユニフォーム","1",469,463,"百沢雄大ICO","96.86283837","96.40272133","100","95.37492743","96.9341375"
212,"職業体験","2",477,469,"職業体験百沢雄大ICO","98.74513535","98.20136067","101.1241496","96.91661829","99.3868275"
