No.,服装,服装順.ID,攻撃力,守備力,DispName,Q_RZS.AttackVal,Q_RZS.ServeVal,Q_RZS.TossVal,Q_RZS.ReceiveVal,Q_RZS.BlockVal
191,"ユニフォーム","1",484,472,"古牧譲ICO","101.226345","100.9635568","106.7448975","100","99.3868275"
192,"雪遊び","2",494,476,"雪遊び古牧譲ICO","101.8395175","103.8542271","109.6355679","101.4988661","100.6131725"
193,"ユニフォーム","1",465,466,"浅虫快人ICO","96.9341375","95.18221607","99.03644321","97.00226778","98.1604825"
194,"ユニフォーム","1",457,470,"南田大志ICO","95.7077925","96.14577286","99.03644321","104.4965983","94.4814475"
195,"ユニフォーム","1",464,467,"湯川良明ICO","95.7077925","96.62755125","97.10932964","96.25283472","99.3868275"
196,"ユニフォーム","1",468,461,"稲垣功ICO","98.1604825","95.66399446","99.03644321","95.50340167","96.320965"
197,"ユニフォーム","1",462,468,"馬門英治ICO","95.09462","96.14577286","97.10932964","96.25283472","100"
198,"ユニフォーム","1",469,463,"百沢雄大ICO","97.54731","96.14577286","100","96.25283472","96.9341375"
199,"職業体験","2",477,469,"職業体験百沢雄大ICO","99.3868275","98.07288643","100.9635568","97.75170083","99.3868275"
