No.,服装,服装順.ID,攻撃力,守備力,DispName,Q_RZS.AttackVal,Q_RZS.ServeVal,Q_RZS.TossVal,Q_RZS.ReceiveVal,Q_RZS.BlockVal
206,"ユニフォーム","1",484,472,"古牧譲ICO","100.6744898","100.8993197","107.8690471","99.25056694","99.3868275"
207,"雪遊び","2",494,476,"雪遊び古牧譲ICO","101.3489795","103.5972787","111.2414958","100.7494331","100.6131725"
208,"ユニフォーム","1",465,466,"浅虫快人ICO","95.9530615","95.50340167","98.87585042","96.25283472","98.1604825"
209,"ユニフォーム","1",457,470,"南田大志ICO","94.604082","96.40272133","98.87585042","103.7471653","94.4814475"
210,"ユニフォーム","1",464,467,"湯川良明ICO","94.604082","96.85238117","96.62755125","95.50340167","99.3868275"
211,"ユニフォーム","1",468,461,"稲垣功ICO","97.302041","95.9530615","98.87585042","94.75396861","96.320965"
212,"ユニフォーム","1",462,468,"馬門英治ICO","93.92959225","96.40272133","96.62755125","95.50340167","100"
213,"ユニフォーム","1",469,463,"百沢雄大ICO","96.62755125","96.40272133","100","95.50340167","96.9341375"
214,"職業体験","2",477,469,"職業体験百沢雄大ICO","98.6510205","98.20136067","101.1241496","97.00226778","99.3868275"
