No.,服装,服装順.ID,攻撃力,守備力,DispName,Q_RZS.AttackVal,Q_RZS.ServeVal,Q_RZS.TossVal,Q_RZS.ReceiveVal,Q_RZS.BlockVal
207,"ユニフォーム","1",484,472,"古牧譲ICO","100.6580388","100.9466523","107.8690471","99.25056694","99.3868275"
208,"雪遊び","2",494,476,"雪遊び古牧譲ICO","101.3160776","103.7866091","111.2414958","100.7494331","100.6131725"
209,"ユニフォーム","1",465,466,"浅虫快人ICO","96.05176732","95.2667386","98.87585042","96.25283472","98.1604825"
210,"ユニフォーム","1",457,470,"南田大志ICO","94.73568976","96.21339088","98.87585042","103.7471653","94.4814475"
211,"ユニフォーム","1",464,467,"湯川良明ICO","94.73568976","96.68671702","96.62755125","95.50340167","99.3868275"
212,"ユニフォーム","1",468,461,"稲垣功ICO","97.36784488","95.74006474","98.87585042","94.75396861","96.320965"
213,"ユニフォーム","1",462,468,"馬門英治ICO","94.07765098","96.21339088","96.62755125","95.50340167","100"
214,"ユニフォーム","1",469,463,"百沢雄大ICO","96.7098061","96.21339088","100","95.50340167","96.9341375"
215,"職業体験","2",477,469,"職業体験百沢雄大ICO","98.68392244","98.10669544","101.1241496","97.00226778","99.3868275"
