No.,服装,服装順.ID,攻撃力,守備力,DispName,Q_RZS.AttackVal,Q_RZS.ServeVal,Q_RZS.TossVal,Q_RZS.ReceiveVal,Q_RZS.BlockVal
212,"ユニフォーム","1",484,472,"古牧譲ICO","100.6274323","100.9145624","107.8690471","99.25056694","99.42596617"
213,"雪遊び","12",494,476,"雪遊び古牧譲ICO","101.2548647","103.6582495","111.2414958","100.7494331","100.5740338"
214,"ユニフォーム","1",465,466,"浅虫快人ICO","96.23540605","95.42718814","98.87585042","96.25283472","98.27789851"
215,"ユニフォーム","1",457,470,"南田大志ICO","94.9805414","96.34175051","98.87585042","103.7471653","94.83369553"
216,"ユニフォーム","1",464,467,"湯川良明ICO","94.9805414","96.79903169","96.62755125","95.50340167","99.42596617"
217,"ユニフォーム","1",468,461,"稲垣功ICO","97.4902707","95.88446932","98.87585042","94.75396861","96.55579702"
218,"ユニフォーム","1",462,468,"馬門英治ICO","94.35310907","96.34175051","96.62755125","95.50340167","100"
219,"ユニフォーム","1",469,463,"百沢雄大ICO","96.86283837","96.34175051","100","95.50340167","97.12983085"
220,"職業体験","7",477,469,"職業体験百沢雄大ICO","98.74513535","98.17087525","101.1241496","97.00226778","99.42596617"
