No.,服装,服装順.ID,攻撃力,守備力,DispName,Q_RZS.AttackVal,Q_RZS.ServeVal,Q_RZS.TossVal,Q_RZS.ReceiveVal,Q_RZS.BlockVal
201,"ユニフォーム","1",484,472,"古牧譲ICO","100.6131725","100.8993197","107.8690471","99.6252835","99.3868275"
202,"雪遊び","2",494,476,"雪遊び古牧譲ICO","101.226345","103.5972787","111.2414958","101.1241496","100.6131725"
203,"ユニフォーム","1",465,466,"浅虫快人ICO","96.320965","95.50340167","98.87585042","96.62755125","98.1604825"
204,"ユニフォーム","1",457,470,"南田大志ICO","95.09462","96.40272133","98.87585042","104.1218818","94.4814475"
205,"ユニフォーム","1",464,467,"湯川良明ICO","95.09462","96.85238117","96.62755125","95.87811819","99.3868275"
206,"ユニフォーム","1",468,461,"稲垣功ICO","97.54731","95.9530615","98.87585042","95.12868514","96.320965"
207,"ユニフォーム","1",462,468,"馬門英治ICO","94.4814475","96.40272133","96.62755125","95.87811819","100"
208,"ユニフォーム","1",469,463,"百沢雄大ICO","96.9341375","96.40272133","100","95.87811819","96.9341375"
209,"職業体験","2",477,469,"職業体験百沢雄大ICO","98.773655","98.20136067","101.1241496","97.37698431","99.3868275"
