No.,服装,服装順.ID,攻撃力,守備力,DispName,Q_RZS.AttackVal,Q_RZS.ServeVal,Q_RZS.TossVal,Q_RZS.ReceiveVal,Q_RZS.BlockVal
331,"ユニフォーム","1",491,483,"星海光来ICO","106.7448975","103.3724488","100","102.2482992","104.2922075"
332,"文化祭","2",499,489,"文化祭星海光来ICO","108.584415","105.2995623","101.0376765","103.7471653","106.7448975"
333,"サバゲ","2",500,489,"サバゲ星海光来ICO","107.9712425","106.7448975","100","105.9954644","104.90538"
334,"花火","2",493,497,"花火星海光来ICO","108.584415","102.8906704","100","105.9954644","109.81076"
335,"新年2","2",498,493,"新年2星海光来ICO","110.4239325","103.3724488","101.0376765","103.7471653","109.1975875"
336,"ユニフォーム","1",480,478,"昼神幸郎ICO","103.679035","101.9271136","96.88697038","97.00226778","105.5185525"
337,"Xmas","2",486,486,"Xmas昼神幸郎ICO","105.5185525","102.8906704","97.92464692","98.50113389","109.1975875"
338,"職業体験2","2",483,491,"職業体験2昼神幸郎ICO","106.131725","100.9635568","97.92464692","97.75170083","112.8766225"
