No.,服装,服装順.ID,攻撃力,守備力,DispName,Q_RZS.AttackVal,Q_RZS.ServeVal,Q_RZS.TossVal,Q_RZS.ReceiveVal,Q_RZS.BlockVal
375,"ユニフォーム","1",491,483,"星海光来ICO","106.7448975","103.1476188","100","101.4988661","104.2922075"
376,"文化祭","8",499,489,"文化祭星海光来ICO","108.7683668","104.9462582","101.1241496","102.9977322","106.7448975"
377,"サバゲ","14",500,489,"サバゲ星海光来ICO","108.093877","106.2952377","100","105.2460314","104.90538"
378,"花火","21",493,497,"花火星海光来ICO","108.7683668","102.697959","100","105.2460314","109.81076"
379,"新年2","30",498,493,"新年2星海光来ICO","110.791836","103.1476188","101.1241496","102.9977322","109.1975875"
380,"ユニフォーム","1",480,478,"昼神幸郎ICO","103.3724488","101.7986393","96.62755125","96.25283472","105.5185525"
381,"Xmas","10",486,486,"Xmas昼神幸郎ICO","105.395918","102.697959","97.75170083","97.75170083","109.1975875"
382,"職業体験2","36",483,491,"職業体験2昼神幸郎ICO","106.0704078","100.8993197","97.75170083","97.00226778","112.8766225"
383,"寝正月","45",487,494,"寝正月昼神幸郎ICO","106.0704078","102.697959","97.75170083","100","112.26345"
