No.,服装,服装順.ID,攻撃力,守備力,DispName,Q_RZS.AttackVal,Q_RZS.ServeVal,Q_RZS.TossVal,Q_RZS.ReceiveVal,Q_RZS.BlockVal
357,"ユニフォーム","1",491,483,"星海光来ICO","106.2743233","103.1476188","100","101.5416909","104.2922075"
358,"文化祭","2",499,489,"文化祭星海光来ICO","108.1566202","104.9462582","101.1241496","103.0833817","106.7448975"
359,"サバゲ","2",500,489,"サバゲ星海光来ICO","107.5291879","106.2952377","100","105.395918","104.90538"
360,"花火","2",493,497,"花火星海光来ICO","108.1566202","102.697959","100","105.395918","109.81076"
361,"新年2","2",498,493,"新年2星海光来ICO","110.0389172","103.1476188","101.1241496","103.0833817","109.1975875"
362,"ユニフォーム","1",480,478,"昼神幸郎ICO","103.1371616","101.7986393","96.62755125","96.14577286","105.5185525"
363,"Xmas","2",486,486,"Xmas昼神幸郎ICO","105.0194586","102.697959","97.75170083","97.68746371","109.1975875"
364,"職業体験2","2",483,491,"職業体験2昼神幸郎ICO","105.6468909","100.8993197","97.75170083","96.91661829","112.8766225"
365,"寝正月","2",487,494,"寝正月昼神幸郎ICO","105.6468909","102.697959","97.75170083","100","112.26345"
