No.,服装,服装順.ID,攻撃力,守備力,DispName,Q_RZS.AttackVal,Q_RZS.ServeVal,Q_RZS.TossVal,Q_RZS.ReceiveVal,Q_RZS.BlockVal
372,"ユニフォーム","1",491,483,"星海光来ICO","106.7448975","103.2009683","100","101.4988661","104.2922075"
373,"文化祭","2",499,489,"文化祭星海光来ICO","108.7683668","105.0300931","101.1241496","102.9977322","106.7448975"
374,"サバゲ","2",500,489,"サバゲ星海光来ICO","108.093877","106.4019366","100","105.2460314","104.90538"
375,"花火","2",493,497,"花火星海光来ICO","108.7683668","102.7436871","100","105.2460314","109.81076"
376,"新年2","2",498,493,"新年2星海光来ICO","110.791836","103.2009683","101.1241496","102.9977322","109.1975875"
377,"ユニフォーム","1",480,478,"昼神幸郎ICO","103.3724488","101.8291247","96.62755125","96.25283472","105.5185525"
378,"Xmas","2",486,486,"Xmas昼神幸郎ICO","105.395918","102.7436871","97.75170083","97.75170083","109.1975875"
379,"職業体験2","2",483,491,"職業体験2昼神幸郎ICO","106.0704078","100.9145624","97.75170083","97.00226778","112.8766225"
380,"寝正月","2",487,494,"寝正月昼神幸郎ICO","106.0704078","102.7436871","97.75170083","100","112.26345"
