No.,服装,服装順.ID,攻撃力,守備力,DispName,Q_RZS.AttackVal,Q_RZS.ServeVal,Q_RZS.TossVal,Q_RZS.ReceiveVal,Q_RZS.BlockVal
350,"ユニフォーム","1",491,483,"星海光来ICO","106.4383113","103.1476188","100","101.8735826","104.2922075"
351,"文化祭","2",499,489,"文化祭星海光来ICO","108.2778288","104.9462582","101.1241496","103.3724488","106.7448975"
352,"サバゲ","2",500,489,"サバゲ星海光来ICO","107.6646563","106.2952377","100","105.6207479","104.90538"
353,"花火","2",493,497,"花火星海光来ICO","108.2778288","102.697959","100","105.6207479","109.81076"
354,"新年2","2",498,493,"新年2星海光来ICO","110.1173463","103.1476188","101.1241496","103.3724488","109.1975875"
355,"ユニフォーム","1",480,478,"昼神幸郎ICO","103.3724488","101.7986393","96.62755125","96.62755125","105.5185525"
356,"Xmas","2",486,486,"Xmas昼神幸郎ICO","105.2119663","102.697959","97.75170083","98.12641736","109.1975875"
357,"職業体験2","2",483,491,"職業体験2昼神幸郎ICO","105.8251388","100.8993197","97.75170083","97.37698431","112.8766225"
