No.,服装,服装順.ID,攻撃力,守備力,DispName,Q_RZS.AttackVal,Q_RZS.ServeVal,Q_RZS.TossVal,Q_RZS.ReceiveVal,Q_RZS.BlockVal
358,"ユニフォーム","1",491,483,"星海光来ICO","106.5803878","103.1476188","100","101.4988661","104.2922075"
359,"文化祭","2",499,489,"文化祭星海光来ICO","108.5545041","104.9462582","101.1241496","102.9977322","106.7448975"
360,"サバゲ","2",500,489,"サバゲ星海光来ICO","107.8964654","106.2952377","100","105.2460314","104.90538"
361,"花火","2",493,497,"花火星海光来ICO","108.5545041","102.697959","100","105.2460314","109.81076"
362,"新年2","2",498,493,"新年2星海光来ICO","110.5286205","103.1476188","101.1241496","102.9977322","109.1975875"
363,"ユニフォーム","1",480,478,"昼神幸郎ICO","103.2901939","101.7986393","96.62755125","96.25283472","105.5185525"
364,"Xmas","2",486,486,"Xmas昼神幸郎ICO","105.2643102","102.697959","97.75170083","97.75170083","109.1975875"
365,"職業体験2","2",483,491,"職業体験2昼神幸郎ICO","105.922349","100.8993197","97.75170083","97.00226778","112.8766225"
366,"寝正月","2",487,494,"寝正月昼神幸郎ICO","105.922349","102.697959","97.75170083","100","112.26345"
