No.,服装,服装順.ID,攻撃力,守備力,DispName,Q_RZS.AttackVal,Q_RZS.ServeVal,Q_RZS.TossVal,Q_RZS.ReceiveVal,Q_RZS.BlockVal
340,"ユニフォーム","1",491,483,"星海光来ICO","106.7448975","103.2561574","100","102.2482992","104.2922075"
341,"文化祭","2",499,489,"文化祭星海光来ICO","108.584415","105.1168188","101.0376765","103.7471653","106.7448975"
342,"サバゲ","2",500,489,"サバゲ星海光来ICO","107.9712425","106.5123148","100","105.9954644","104.90538"
343,"花火","2",493,497,"花火星海光来ICO","108.584415","102.7909921","100","105.9954644","109.81076"
344,"新年2","2",498,493,"新年2星海光来ICO","110.4239325","103.2561574","101.0376765","103.7471653","109.1975875"
345,"ユニフォーム","1",480,478,"昼神幸郎ICO","103.679035","101.8606614","96.88697038","97.00226778","105.5185525"
346,"Xmas","2",486,486,"Xmas昼神幸郎ICO","105.5185525","102.7909921","97.92464692","98.50113389","109.1975875"
347,"職業体験2","2",483,491,"職業体験2昼神幸郎ICO","106.131725","100.9303307","97.92464692","97.75170083","112.8766225"
