No.,服装,服装順.ID,攻撃力,守備力,DispName,Q_RZS.AttackVal,Q_RZS.ServeVal,Q_RZS.TossVal,Q_RZS.ReceiveVal,Q_RZS.BlockVal
370,"ユニフォーム","1",491,483,"星海光来ICO","106.5803878","103.313283","100","101.4988661","104.2922075"
371,"文化祭","2",499,489,"文化祭星海光来ICO","108.5545041","105.2065875","101.1241496","102.9977322","106.7448975"
372,"サバゲ","2",500,489,"サバゲ星海光来ICO","107.8964654","106.626566","100","105.2460314","104.90538"
373,"花火","2",493,497,"花火星海光来ICO","108.5545041","102.8399568","100","105.2460314","109.81076"
374,"新年2","2",498,493,"新年2星海光来ICO","110.5286205","103.313283","101.1241496","102.9977322","109.1975875"
375,"ユニフォーム","1",480,478,"昼神幸郎ICO","103.2901939","101.8933046","96.62755125","96.25283472","105.5185525"
376,"Xmas","2",486,486,"Xmas昼神幸郎ICO","105.2643102","102.8399568","97.75170083","97.75170083","109.1975875"
377,"職業体験2","2",483,491,"職業体験2昼神幸郎ICO","105.922349","100.9466523","97.75170083","97.00226778","112.8766225"
378,"寝正月","2",487,494,"寝正月昼神幸郎ICO","105.922349","102.8399568","97.75170083","100","112.26345"
