No.,服装,服装順.ID,攻撃力,守備力,DispName,Q_RZS.AttackVal,Q_RZS.ServeVal,Q_RZS.TossVal,Q_RZS.ReceiveVal,Q_RZS.BlockVal
330,"ユニフォーム","1",491,483,"星海光来ICO","106.7448975","103.3724488","100","102.2482992","104.2922075"
331,"文化祭","2",499,489,"文化祭星海光来ICO","108.584415","105.2995623","100.9635568","103.7471653","106.7448975"
332,"サバゲ","2",500,489,"サバゲ星海光来ICO","107.9712425","106.7448975","100","105.9954644","104.90538"
333,"花火","2",493,497,"花火星海光来ICO","108.584415","102.8906704","100","105.9954644","109.81076"
334,"新年2","2",498,493,"新年2星海光来ICO","110.4239325","103.3724488","100.9635568","103.7471653","109.1975875"
335,"ユニフォーム","1",480,478,"昼神幸郎ICO","103.679035","101.9271136","97.10932964","97.00226778","105.5185525"
336,"Xmas","2",486,486,"Xmas昼神幸郎ICO","105.5185525","102.8906704","98.07288643","98.50113389","109.1975875"
337,"職業体験2","2",483,491,"職業体験2昼神幸郎ICO","106.131725","100.9635568","98.07288643","97.75170083","112.8766225"
