No.,服装,服装順.ID,攻撃力,守備力,DispName,Q_RZS.AttackVal,Q_RZS.ServeVal,Q_RZS.TossVal,Q_RZS.ReceiveVal,Q_RZS.BlockVal
346,"ユニフォーム","1",491,483,"星海光来ICO","106.7448975","103.1476188","100","102.2482992","104.7214283"
347,"文化祭","2",499,489,"文化祭星海光来ICO","108.584415","104.9462582","101.1241496","103.7471653","107.4193873"
348,"サバゲ","2",500,489,"サバゲ星海光来ICO","107.9712425","106.2952377","100","105.9954644","105.395918"
349,"花火","2",493,497,"花火星海光来ICO","108.584415","102.697959","100","105.9954644","110.791836"
350,"新年2","2",498,493,"新年2星海光来ICO","110.4239325","103.1476188","101.1241496","103.7471653","110.1173463"
351,"ユニフォーム","1",480,478,"昼神幸郎ICO","103.679035","101.7986393","96.62755125","97.00226778","106.0704078"
352,"Xmas","2",486,486,"Xmas昼神幸郎ICO","105.5185525","102.697959","97.75170083","98.50113389","110.1173463"
353,"職業体験2","2",483,491,"職業体験2昼神幸郎ICO","106.131725","100.8993197","97.75170083","97.75170083","114.1642848"
