No.,服装,服装順.ID,攻撃力,守備力,DispName,Q_RZS.AttackVal,Q_RZS.ServeVal,Q_RZS.TossVal,Q_RZS.ReceiveVal,Q_RZS.BlockVal
364,"ユニフォーム","1",491,483,"星海光来ICO","106.7448975","103.1476188","100","101.5416909","104.2922075"
365,"文化祭","2",499,489,"文化祭星海光来ICO","108.7683668","104.9462582","101.1241496","103.0833817","106.7448975"
366,"サバゲ","2",500,489,"サバゲ星海光来ICO","108.093877","106.2952377","100","105.395918","104.90538"
367,"花火","2",493,497,"花火星海光来ICO","108.7683668","102.697959","100","105.395918","109.81076"
368,"新年2","2",498,493,"新年2星海光来ICO","110.791836","103.1476188","101.1241496","103.0833817","109.1975875"
369,"ユニフォーム","1",480,478,"昼神幸郎ICO","103.3724488","101.7986393","96.62755125","96.14577286","105.5185525"
370,"Xmas","2",486,486,"Xmas昼神幸郎ICO","105.395918","102.697959","97.75170083","97.68746371","109.1975875"
371,"職業体験2","2",483,491,"職業体験2昼神幸郎ICO","106.0704078","100.8993197","97.75170083","96.91661829","112.8766225"
372,"寝正月","2",487,494,"寝正月昼神幸郎ICO","106.0704078","102.697959","97.75170083","100","112.26345"
